DATAFLOW,LAST UPDATE,freq,unit,geo,TIME_PERIOD,OBS_VALUE,OBS_FLAG,CONF_STATUS
ESTAT:ISOC_SKS_ITSPT$DEFAULTVIEW(1.0),17/04/26 23:00:00,Annual,Percentage of total employment,Austria,2016,4.2,,
ESTAT:ISOC_SKS_ITSPT$DEFAULTVIEW(1.0),17/04/26 23:00:00,Annual,Percentage of total employment,Austria,2017,4.4,,
ESTAT:ISOC_SKS_ITSPT$DEFAULTVIEW(1.0),17/04/26 23:00:00,Annual,Percentage of total employment,Austria,2018,4.5,,
ESTAT:ISOC_SKS_ITSPT$DEFAULTVIEW(1.0),17/04/26 23:00:00,Annual,Percentage of total employment,Austria,2019,4.3,,
ESTAT:ISOC_SKS_ITSPT$DEFAULTVIEW(1.0),17/04/26 23:00:00,Annual,Percentage of total employment,Austria,2020,4.5,,
ESTAT:ISOC_SKS_ITSPT$DEFAULTVIEW(1.0),17/04/26 23:00:00,Annual,Percentage of total employment,Austria,2021,4.5,b,
ESTAT:ISOC_SKS_ITSPT$DEFAULTVIEW(1.0),17/04/26 23:00:00,Annual,Percentage of total employment,Austria,2022,5.0,,
ESTAT:ISOC_SKS_ITSPT$DEFAULTVIEW(1.0),17/04/26 23:00:00,Annual,Percentage of total employment,Austria,2023,5.3,,
ESTAT:ISOC_SKS_ITSPT$DEFAULTVIEW(1.0),17/04/26 23:00:00,Annual,Percentage of total employment,Austria,2024,5.3,,
ESTAT:ISOC_SKS_ITSPT$DEFAULTVIEW(1.0),17/04/26 23:00:00,Annual,Percentage of total employment,Austria,2025,5.4,,
ESTAT:ISOC_SKS_ITSPT$DEFAULTVIEW(1.0),17/04/26 23:00:00,Annual,Percentage of total employment,Bosnia and Herzegovina,2021,1.5,be,
ESTAT:ISOC_SKS_ITSPT$DEFAULTVIEW(1.0),17/04/26 23:00:00,Annual,Percentage of total employment,Bosnia and Herzegovina,2022,1.6,e,
ESTAT:ISOC_SKS_ITSPT$DEFAULTVIEW(1.0),17/04/26 23:00:00,Annual,Percentage of total employment,Bosnia and Herzegovina,2023,2.0,e,
ESTAT:ISOC_SKS_ITSPT$DEFAULTVIEW(1.0),17/04/26 23:00:00,Annual,Percentage of total employment,Bosnia and Herzegovina,2024,2.3,e,
ESTAT:ISOC_SKS_ITSPT$DEFAULTVIEW(1.0),17/04/26 23:00:00,Annual,Percentage of total employment,Bosnia and Herzegovina,2025,2.1,e,
ESTAT:ISOC_SKS_ITSPT$DEFAULTVIEW(1.0),17/04/26 23:00:00,Annual,Percentage of total employment,Belgium,2016,4.2,,
ESTAT:ISOC_SKS_ITSPT$DEFAULTVIEW(1.0),17/04/26 23:00:00,Annual,Percentage of total employment,Belgium,2017,4.9,b,
ESTAT:ISOC_SKS_ITSPT$DEFAULTVIEW(1.0),17/04/26 23:00:00,Annual,Percentage of total employment,Belgium,2018,5.2,,
ESTAT:ISOC_SKS_ITSPT$DEFAULTVIEW(1.0),17/04/26 23:00:00,Annual,Percentage of total employment,Belgium,2019,5.0,,
ESTAT:ISOC_SKS_ITSPT$DEFAULTVIEW(1.0),17/04/26 23:00:00,Annual,Percentage of total employment,Belgium,2020,5.0,,
ESTAT:ISOC_SKS_ITSPT$DEFAULTVIEW(1.0),17/04/26 23:00:00,Annual,Percentage of total employment,Belgium,2021,5.6,b,
ESTAT:ISOC_SKS_ITSPT$DEFAULTVIEW(1.0),17/04/26 23:00:00,Annual,Percentage of total employment,Belgium,2022,5.6,,
ESTAT:ISOC_SKS_ITSPT$DEFAULTVIEW(1.0),17/04/26 23:00:00,Annual,Percentage of total employment,Belgium,2023,5.4,,
ESTAT:ISOC_SKS_ITSPT$DEFAULTVIEW(1.0),17/04/26 23:00:00,Annual,Percentage of total employment,Belgium,2024,5.7,,
ESTAT:ISOC_SKS_ITSPT$DEFAULTVIEW(1.0),17/04/26 23:00:00,Annual,Percentage of total employment,Belgium,2025,5.9,,
ESTAT:ISOC_SKS_ITSPT$DEFAULTVIEW(1.0),17/04/26 23:00:00,Annual,Percentage of total employment,Bulgaria,2016,3.0,e,
ESTAT:ISOC_SKS_ITSPT$DEFAULTVIEW(1.0),17/04/26 23:00:00,Annual,Percentage of total employment,Bulgaria,2017,3.1,e,
ESTAT:ISOC_SKS_ITSPT$DEFAULTVIEW(1.0),17/04/26 23:00:00,Annual,Percentage of total employment,Bulgaria,2018,3.3,e,
ESTAT:ISOC_SKS_ITSPT$DEFAULTVIEW(1.0),17/04/26 23:00:00,Annual,Percentage of total employment,Bulgaria,2019,3.0,b,
ESTAT:ISOC_SKS_ITSPT$DEFAULTVIEW(1.0),17/04/26 23:00:00,Annual,Percentage of total employment,Bulgaria,2020,3.3,,
ESTAT:ISOC_SKS_ITSPT$DEFAULTVIEW(1.0),17/04/26 23:00:00,Annual,Percentage of total employment,Bulgaria,2021,3.5,b,
ESTAT:ISOC_SKS_ITSPT$DEFAULTVIEW(1.0),17/04/26 23:00:00,Annual,Percentage of total employment,Bulgaria,2022,3.8,,
ESTAT:ISOC_SKS_ITSPT$DEFAULTVIEW(1.0),17/04/26 23:00:00,Annual,Percentage of total employment,Bulgaria,2023,4.3,,
ESTAT:ISOC_SKS_ITSPT$DEFAULTVIEW(1.0),17/04/26 23:00:00,Annual,Percentage of total employment,Bulgaria,2024,4.6,b,
ESTAT:ISOC_SKS_ITSPT$DEFAULTVIEW(1.0),17/04/26 23:00:00,Annual,Percentage of total employment,Bulgaria,2025,4.8,,
ESTAT:ISOC_SKS_ITSPT$DEFAULTVIEW(1.0),17/04/26 23:00:00,Annual,Percentage of total employment,Switzerland,2016,5.0,,
ESTAT:ISOC_SKS_ITSPT$DEFAULTVIEW(1.0),17/04/26 23:00:00,Annual,Percentage of total employment,Switzerland,2017,4.8,,
ESTAT:ISOC_SKS_ITSPT$DEFAULTVIEW(1.0),17/04/26 23:00:00,Annual,Percentage of total employment,Switzerland,2018,5.0,,
ESTAT:ISOC_SKS_ITSPT$DEFAULTVIEW(1.0),17/04/26 23:00:00,Annual,Percentage of total employment,Switzerland,2019,5.5,,
ESTAT:ISOC_SKS_ITSPT$DEFAULTVIEW(1.0),17/04/26 23:00:00,Annual,Percentage of total employment,Switzerland,2020,5.4,,
ESTAT:ISOC_SKS_ITSPT$DEFAULTVIEW(1.0),17/04/26 23:00:00,Annual,Percentage of total employment,Switzerland,2021,5.5,b,
ESTAT:ISOC_SKS_ITSPT$DEFAULTVIEW(1.0),17/04/26 23:00:00,Annual,Percentage of total employment,Switzerland,2022,5.7,,
ESTAT:ISOC_SKS_ITSPT$DEFAULTVIEW(1.0),17/04/26 23:00:00,Annual,Percentage of total employment,Switzerland,2023,5.7,,
ESTAT:ISOC_SKS_ITSPT$DEFAULTVIEW(1.0),17/04/26 23:00:00,Annual,Percentage of total employment,Switzerland,2024,5.7,,
ESTAT:ISOC_SKS_ITSPT$DEFAULTVIEW(1.0),17/04/26 23:00:00,Annual,Percentage of total employment,Switzerland,2025,5.9,,
ESTAT:ISOC_SKS_ITSPT$DEFAULTVIEW(1.0),17/04/26 23:00:00,Annual,Percentage of total employment,Cyprus,2016,2.7,,
ESTAT:ISOC_SKS_ITSPT$DEFAULTVIEW(1.0),17/04/26 23:00:00,Annual,Percentage of total employment,Cyprus,2017,2.9,,
ESTAT:ISOC_SKS_ITSPT$DEFAULTVIEW(1.0),17/04/26 23:00:00,Annual,Percentage of total employment,Cyprus,2018,3.2,,
ESTAT:ISOC_SKS_ITSPT$DEFAULTVIEW(1.0),17/04/26 23:00:00,Annual,Percentage of total employment,Cyprus,2019,2.7,,
ESTAT:ISOC_SKS_ITSPT$DEFAULTVIEW(1.0),17/04/26 23:00:00,Annual,Percentage of total employment,Cyprus,2020,3.2,,
ESTAT:ISOC_SKS_ITSPT$DEFAULTVIEW(1.0),17/04/26 23:00:00,Annual,Percentage of total employment,Cyprus,2021,3.9,b,
ESTAT:ISOC_SKS_ITSPT$DEFAULTVIEW(1.0),17/04/26 23:00:00,Annual,Percentage of total employment,Cyprus,2022,4.4,,
ESTAT:ISOC_SKS_ITSPT$DEFAULTVIEW(1.0),17/04/26 23:00:00,Annual,Percentage of total employment,Cyprus,2023,5.6,e,
ESTAT:ISOC_SKS_ITSPT$DEFAULTVIEW(1.0),17/04/26 23:00:00,Annual,Percentage of total employment,Cyprus,2024,5.0,e,
ESTAT:ISOC_SKS_ITSPT$DEFAULTVIEW(1.0),17/04/26 23:00:00,Annual,Percentage of total employment,Cyprus,2025,4.9,,
ESTAT:ISOC_SKS_ITSPT$DEFAULTVIEW(1.0),17/04/26 23:00:00,Annual,Percentage of total employment,Czechia,2016,3.7,,
ESTAT:ISOC_SKS_ITSPT$DEFAULTVIEW(1.0),17/04/26 23:00:00,Annual,Percentage of total employment,Czechia,2017,3.6,,
ESTAT:ISOC_SKS_ITSPT$DEFAULTVIEW(1.0),17/04/26 23:00:00,Annual,Percentage of total employment,Czechia,2018,4.0,,
ESTAT:ISOC_SKS_ITSPT$DEFAULTVIEW(1.0),17/04/26 23:00:00,Annual,Percentage of total employment,Czechia,2019,4.0,,
ESTAT:ISOC_SKS_ITSPT$DEFAULTVIEW(1.0),17/04/26 23:00:00,Annual,Percentage of total employment,Czechia,2020,4.2,,
ESTAT:ISOC_SKS_ITSPT$DEFAULTVIEW(1.0),17/04/26 23:00:00,Annual,Percentage of total employment,Czechia,2021,4.6,b,
ESTAT:ISOC_SKS_ITSPT$DEFAULTVIEW(1.0),17/04/26 23:00:00,Annual,Percentage of total employment,Czechia,2022,4.5,,
ESTAT:ISOC_SKS_ITSPT$DEFAULTVIEW(1.0),17/04/26 23:00:00,Annual,Percentage of total employment,Czechia,2023,4.3,,
ESTAT:ISOC_SKS_ITSPT$DEFAULTVIEW(1.0),17/04/26 23:00:00,Annual,Percentage of total employment,Czechia,2024,4.5,,
ESTAT:ISOC_SKS_ITSPT$DEFAULTVIEW(1.0),17/04/26 23:00:00,Annual,Percentage of total employment,Czechia,2025,4.7,,
ESTAT:ISOC_SKS_ITSPT$DEFAULTVIEW(1.0),17/04/26 23:00:00,Annual,Percentage of total employment,Germany,2016,3.7,,
ESTAT:ISOC_SKS_ITSPT$DEFAULTVIEW(1.0),17/04/26 23:00:00,Annual,Percentage of total employment,Germany,2017,3.8,,
ESTAT:ISOC_SKS_ITSPT$DEFAULTVIEW(1.0),17/04/26 23:00:00,Annual,Percentage of total employment,Germany,2018,3.9,,
ESTAT:ISOC_SKS_ITSPT$DEFAULTVIEW(1.0),17/04/26 23:00:00,Annual,Percentage of total employment,Germany,2019,4.0,,
ESTAT:ISOC_SKS_ITSPT$DEFAULTVIEW(1.0),17/04/26 23:00:00,Annual,Percentage of total employment,Germany,2020,4.7,b,
ESTAT:ISOC_SKS_ITSPT$DEFAULTVIEW(1.0),17/04/26 23:00:00,Annual,Percentage of total employment,Germany,2021,4.9,b,
ESTAT:ISOC_SKS_ITSPT$DEFAULTVIEW(1.0),17/04/26 23:00:00,Annual,Percentage of total employment,Germany,2022,5.0,,
ESTAT:ISOC_SKS_ITSPT$DEFAULTVIEW(1.0),17/04/26 23:00:00,Annual,Percentage of total employment,Germany,2023,4.9,,
ESTAT:ISOC_SKS_ITSPT$DEFAULTVIEW(1.0),17/04/26 23:00:00,Annual,Percentage of total employment,Germany,2024,5.1,,
ESTAT:ISOC_SKS_ITSPT$DEFAULTVIEW(1.0),17/04/26 23:00:00,Annual,Percentage of total employment,Germany,2025,5.5,,
ESTAT:ISOC_SKS_ITSPT$DEFAULTVIEW(1.0),17/04/26 23:00:00,Annual,Percentage of total employment,Denmark,2016,4.9,be,
ESTAT:ISOC_SKS_ITSPT$DEFAULTVIEW(1.0),17/04/26 23:00:00,Annual,Percentage of total employment,Denmark,2017,5.0,be,
ESTAT:ISOC_SKS_ITSPT$DEFAULTVIEW(1.0),17/04/26 23:00:00,Annual,Percentage of total employment,Denmark,2018,5.0,e,
ESTAT:ISOC_SKS_ITSPT$DEFAULTVIEW(1.0),17/04/26 23:00:00,Annual,Percentage of total employment,Denmark,2019,5.1,e,
ESTAT:ISOC_SKS_ITSPT$DEFAULTVIEW(1.0),17/04/26 23:00:00,Annual,Percentage of total employment,Denmark,2020,5.3,e,
ESTAT:ISOC_SKS_ITSPT$DEFAULTVIEW(1.0),17/04/26 23:00:00,Annual,Percentage of total employment,Denmark,2021,5.6,b,
ESTAT:ISOC_SKS_ITSPT$DEFAULTVIEW(1.0),17/04/26 23:00:00,Annual,Percentage of total employment,Denmark,2022,5.7,,
ESTAT:ISOC_SKS_ITSPT$DEFAULTVIEW(1.0),17/04/26 23:00:00,Annual,Percentage of total employment,Denmark,2023,5.9,b,
ESTAT:ISOC_SKS_ITSPT$DEFAULTVIEW(1.0),17/04/26 23:00:00,Annual,Percentage of total employment,Denmark,2024,5.8,,
ESTAT:ISOC_SKS_ITSPT$DEFAULTVIEW(1.0),17/04/26 23:00:00,Annual,Percentage of total employment,Denmark,2025,5.7,,
ESTAT:ISOC_SKS_ITSPT$DEFAULTVIEW(1.0),17/04/26 23:00:00,Annual,Percentage of total employment,Estonia,2016,5.1,e,
ESTAT:ISOC_SKS_ITSPT$DEFAULTVIEW(1.0),17/04/26 23:00:00,Annual,Percentage of total employment,Estonia,2017,5.3,,
ESTAT:ISOC_SKS_ITSPT$DEFAULTVIEW(1.0),17/04/26 23:00:00,Annual,Percentage of total employment,Estonia,2018,5.4,,
ESTAT:ISOC_SKS_ITSPT$DEFAULTVIEW(1.0),17/04/26 23:00:00,Annual,Percentage of total employment,Estonia,2019,5.8,,
ESTAT:ISOC_SKS_ITSPT$DEFAULTVIEW(1.0),17/04/26 23:00:00,Annual,Percentage of total employment,Estonia,2020,6.2,e,
ESTAT:ISOC_SKS_ITSPT$DEFAULTVIEW(1.0),17/04/26 23:00:00,Annual,Percentage of total employment,Estonia,2021,6.2,b,
ESTAT:ISOC_SKS_ITSPT$DEFAULTVIEW(1.0),17/04/26 23:00:00,Annual,Percentage of total employment,Estonia,2022,6.6,,
ESTAT:ISOC_SKS_ITSPT$DEFAULTVIEW(1.0),17/04/26 23:00:00,Annual,Percentage of total employment,Estonia,2023,6.7,e,
ESTAT:ISOC_SKS_ITSPT$DEFAULTVIEW(1.0),17/04/26 23:00:00,Annual,Percentage of total employment,Estonia,2024,7.2,e,
ESTAT:ISOC_SKS_ITSPT$DEFAULTVIEW(1.0),17/04/26 23:00:00,Annual,Percentage of total employment,Estonia,2025,6.8,e,
ESTAT:ISOC_SKS_ITSPT$DEFAULTVIEW(1.0),17/04/26 23:00:00,Annual,Percentage of total employment,Greece,2016,1.8,e,
ESTAT:ISOC_SKS_ITSPT$DEFAULTVIEW(1.0),17/04/26 23:00:00,Annual,Percentage of total employment,Greece,2017,2.0,e,
ESTAT:ISOC_SKS_ITSPT$DEFAULTVIEW(1.0),17/04/26 23:00:00,Annual,Percentage of total employment,Greece,2018,2.2,e,
ESTAT:ISOC_SKS_ITSPT$DEFAULTVIEW(1.0),17/04/26 23:00:00,Annual,Percentage of total employment,Greece,2019,2.0,e,
ESTAT:ISOC_SKS_ITSPT$DEFAULTVIEW(1.0),17/04/26 23:00:00,Annual,Percentage of total employment,Greece,2020,2.0,e,
ESTAT:ISOC_SKS_ITSPT$DEFAULTVIEW(1.0),17/04/26 23:00:00,Annual,Percentage of total employment,Greece,2021,2.4,b,
ESTAT:ISOC_SKS_ITSPT$DEFAULTVIEW(1.0),17/04/26 23:00:00,Annual,Percentage of total employment,Greece,2022,2.5,,
ESTAT:ISOC_SKS_ITSPT$DEFAULTVIEW(1.0),17/04/26 23:00:00,Annual,Percentage of total employment,Greece,2023,2.4,,
ESTAT:ISOC_SKS_ITSPT$DEFAULTVIEW(1.0),17/04/26 23:00:00,Annual,Percentage of total employment,Greece,2024,2.5,,
ESTAT:ISOC_SKS_ITSPT$DEFAULTVIEW(1.0),17/04/26 23:00:00,Annual,Percentage of total employment,Greece,2025,2.5,,
ESTAT:ISOC_SKS_ITSPT$DEFAULTVIEW(1.0),17/04/26 23:00:00,Annual,Percentage of total employment,Spain,2016,3.4,e,
ESTAT:ISOC_SKS_ITSPT$DEFAULTVIEW(1.0),17/04/26 23:00:00,Annual,Percentage of total employment,Spain,2017,3.5,e,
ESTAT:ISOC_SKS_ITSPT$DEFAULTVIEW(1.0),17/04/26 23:00:00,Annual,Percentage of total employment,Spain,2018,3.6,e,
ESTAT:ISOC_SKS_ITSPT$DEFAULTVIEW(1.0),17/04/26 23:00:00,Annual,Percentage of total employment,Spain,2019,3.7,e,
ESTAT:ISOC_SKS_ITSPT$DEFAULTVIEW(1.0),17/04/26 23:00:00,Annual,Percentage of total employment,Spain,2020,3.9,e,
ESTAT:ISOC_SKS_ITSPT$DEFAULTVIEW(1.0),17/04/26 23:00:00,Annual,Percentage of total employment,Spain,2021,4.1,bd,
ESTAT:ISOC_SKS_ITSPT$DEFAULTVIEW(1.0),17/04/26 23:00:00,Annual,Percentage of total employment,Spain,2022,4.3,d,
ESTAT:ISOC_SKS_ITSPT$DEFAULTVIEW(1.0),17/04/26 23:00:00,Annual,Percentage of total employment,Spain,2023,4.4,d,
ESTAT:ISOC_SKS_ITSPT$DEFAULTVIEW(1.0),17/04/26 23:00:00,Annual,Percentage of total employment,Spain,2024,4.7,d,
ESTAT:ISOC_SKS_ITSPT$DEFAULTVIEW(1.0),17/04/26 23:00:00,Annual,Percentage of total employment,Spain,2025,4.8,d,
ESTAT:ISOC_SKS_ITSPT$DEFAULTVIEW(1.0),17/04/26 23:00:00,Annual,Percentage of total employment,European Union - 27 countries (from 2020),2016,3.6,e,
ESTAT:ISOC_SKS_ITSPT$DEFAULTVIEW(1.0),17/04/26 23:00:00,Annual,Percentage of total employment,European Union - 27 countries (from 2020),2017,3.7,e,
ESTAT:ISOC_SKS_ITSPT$DEFAULTVIEW(1.0),17/04/26 23:00:00,Annual,Percentage of total employment,European Union - 27 countries (from 2020),2018,3.8,e,
ESTAT:ISOC_SKS_ITSPT$DEFAULTVIEW(1.0),17/04/26 23:00:00,Annual,Percentage of total employment,European Union - 27 countries (from 2020),2019,4.0,e,
ESTAT:ISOC_SKS_ITSPT$DEFAULTVIEW(1.0),17/04/26 23:00:00,Annual,Percentage of total employment,European Union - 27 countries (from 2020),2020,4.3,e,
ESTAT:ISOC_SKS_ITSPT$DEFAULTVIEW(1.0),17/04/26 23:00:00,Annual,Percentage of total employment,European Union - 27 countries (from 2020),2021,4.5,be,
ESTAT:ISOC_SKS_ITSPT$DEFAULTVIEW(1.0),17/04/26 23:00:00,Annual,Percentage of total employment,European Union - 27 countries (from 2020),2022,4.6,e,
ESTAT:ISOC_SKS_ITSPT$DEFAULTVIEW(1.0),17/04/26 23:00:00,Annual,Percentage of total employment,European Union - 27 countries (from 2020),2023,4.8,e,
ESTAT:ISOC_SKS_ITSPT$DEFAULTVIEW(1.0),17/04/26 23:00:00,Annual,Percentage of total employment,European Union - 27 countries (from 2020),2024,4.9,e,
ESTAT:ISOC_SKS_ITSPT$DEFAULTVIEW(1.0),17/04/26 23:00:00,Annual,Percentage of total employment,European Union - 27 countries (from 2020),2025,5.0,e,
ESTAT:ISOC_SKS_ITSPT$DEFAULTVIEW(1.0),17/04/26 23:00:00,Annual,Percentage of total employment,Finland,2016,6.6,,
ESTAT:ISOC_SKS_ITSPT$DEFAULTVIEW(1.0),17/04/26 23:00:00,Annual,Percentage of total employment,Finland,2017,6.7,,
ESTAT:ISOC_SKS_ITSPT$DEFAULTVIEW(1.0),17/04/26 23:00:00,Annual,Percentage of total employment,Finland,2018,6.7,,
ESTAT:ISOC_SKS_ITSPT$DEFAULTVIEW(1.0),17/04/26 23:00:00,Annual,Percentage of total employment,Finland,2019,6.8,,
ESTAT:ISOC_SKS_ITSPT$DEFAULTVIEW(1.0),17/04/26 23:00:00,Annual,Percentage of total employment,Finland,2020,7.6,,
ESTAT:ISOC_SKS_ITSPT$DEFAULTVIEW(1.0),17/04/26 23:00:00,Annual,Percentage of total employment,Finland,2021,7.4,b,
ESTAT:ISOC_SKS_ITSPT$DEFAULTVIEW(1.0),17/04/26 23:00:00,Annual,Percentage of total employment,Finland,2022,7.6,,
ESTAT:ISOC_SKS_ITSPT$DEFAULTVIEW(1.0),17/04/26 23:00:00,Annual,Percentage of total employment,Finland,2023,7.6,,
ESTAT:ISOC_SKS_ITSPT$DEFAULTVIEW(1.0),17/04/26 23:00:00,Annual,Percentage of total employment,Finland,2024,7.8,,
ESTAT:ISOC_SKS_ITSPT$DEFAULTVIEW(1.0),17/04/26 23:00:00,Annual,Percentage of total employment,Finland,2025,7.8,,
ESTAT:ISOC_SKS_ITSPT$DEFAULTVIEW(1.0),17/04/26 23:00:00,Annual,Percentage of total employment,France,2016,3.6,,
ESTAT:ISOC_SKS_ITSPT$DEFAULTVIEW(1.0),17/04/26 23:00:00,Annual,Percentage of total employment,France,2017,3.8,,
ESTAT:ISOC_SKS_ITSPT$DEFAULTVIEW(1.0),17/04/26 23:00:00,Annual,Percentage of total employment,France,2018,3.9,,
ESTAT:ISOC_SKS_ITSPT$DEFAULTVIEW(1.0),17/04/26 23:00:00,Annual,Percentage of total employment,France,2019,4.2,,
ESTAT:ISOC_SKS_ITSPT$DEFAULTVIEW(1.0),17/04/26 23:00:00,Annual,Percentage of total employment,France,2020,4.5,,
ESTAT:ISOC_SKS_ITSPT$DEFAULTVIEW(1.0),17/04/26 23:00:00,Annual,Percentage of total employment,France,2021,4.5,bd,
ESTAT:ISOC_SKS_ITSPT$DEFAULTVIEW(1.0),17/04/26 23:00:00,Annual,Percentage of total employment,France,2022,4.3,d,
ESTAT:ISOC_SKS_ITSPT$DEFAULTVIEW(1.0),17/04/26 23:00:00,Annual,Percentage of total employment,France,2023,4.7,d,
ESTAT:ISOC_SKS_ITSPT$DEFAULTVIEW(1.0),17/04/26 23:00:00,Annual,Percentage of total employment,France,2024,4.8,d,
ESTAT:ISOC_SKS_ITSPT$DEFAULTVIEW(1.0),17/04/26 23:00:00,Annual,Percentage of total employment,France,2025,4.9,d,
ESTAT:ISOC_SKS_ITSPT$DEFAULTVIEW(1.0),17/04/26 23:00:00,Annual,Percentage of total employment,Croatia,2016,3.4,,
ESTAT:ISOC_SKS_ITSPT$DEFAULTVIEW(1.0),17/04/26 23:00:00,Annual,Percentage of total employment,Croatia,2017,3.3,e,
ESTAT:ISOC_SKS_ITSPT$DEFAULTVIEW(1.0),17/04/26 23:00:00,Annual,Percentage of total employment,Croatia,2018,3.4,e,
ESTAT:ISOC_SKS_ITSPT$DEFAULTVIEW(1.0),17/04/26 23:00:00,Annual,Percentage of total employment,Croatia,2019,3.3,e,
ESTAT:ISOC_SKS_ITSPT$DEFAULTVIEW(1.0),17/04/26 23:00:00,Annual,Percentage of total employment,Croatia,2020,3.7,e,
ESTAT:ISOC_SKS_ITSPT$DEFAULTVIEW(1.0),17/04/26 23:00:00,Annual,Percentage of total employment,Croatia,2021,3.7,be,
ESTAT:ISOC_SKS_ITSPT$DEFAULTVIEW(1.0),17/04/26 23:00:00,Annual,Percentage of total employment,Croatia,2022,3.8,e,
ESTAT:ISOC_SKS_ITSPT$DEFAULTVIEW(1.0),17/04/26 23:00:00,Annual,Percentage of total employment,Croatia,2023,4.3,e,
ESTAT:ISOC_SKS_ITSPT$DEFAULTVIEW(1.0),17/04/26 23:00:00,Annual,Percentage of total employment,Croatia,2024,5.0,e,
ESTAT:ISOC_SKS_ITSPT$DEFAULTVIEW(1.0),17/04/26 23:00:00,Annual,Percentage of total employment,Croatia,2025,4.9,e,
ESTAT:ISOC_SKS_ITSPT$DEFAULTVIEW(1.0),17/04/26 23:00:00,Annual,Percentage of total employment,Hungary,2016,3.6,,
ESTAT:ISOC_SKS_ITSPT$DEFAULTVIEW(1.0),17/04/26 23:00:00,Annual,Percentage of total employment,Hungary,2017,3.6,,
ESTAT:ISOC_SKS_ITSPT$DEFAULTVIEW(1.0),17/04/26 23:00:00,Annual,Percentage of total employment,Hungary,2018,3.7,b,
ESTAT:ISOC_SKS_ITSPT$DEFAULTVIEW(1.0),17/04/26 23:00:00,Annual,Percentage of total employment,Hungary,2019,3.4,,
ESTAT:ISOC_SKS_ITSPT$DEFAULTVIEW(1.0),17/04/26 23:00:00,Annual,Percentage of total employment,Hungary,2020,3.8,e,
ESTAT:ISOC_SKS_ITSPT$DEFAULTVIEW(1.0),17/04/26 23:00:00,Annual,Percentage of total employment,Hungary,2021,3.9,be,
ESTAT:ISOC_SKS_ITSPT$DEFAULTVIEW(1.0),17/04/26 23:00:00,Annual,Percentage of total employment,Hungary,2022,4.2,e,
ESTAT:ISOC_SKS_ITSPT$DEFAULTVIEW(1.0),17/04/26 23:00:00,Annual,Percentage of total employment,Hungary,2023,4.2,e,
ESTAT:ISOC_SKS_ITSPT$DEFAULTVIEW(1.0),17/04/26 23:00:00,Annual,Percentage of total employment,Hungary,2024,4.5,e,
ESTAT:ISOC_SKS_ITSPT$DEFAULTVIEW(1.0),17/04/26 23:00:00,Annual,Percentage of total employment,Hungary,2025,4.6,e,
ESTAT:ISOC_SKS_ITSPT$DEFAULTVIEW(1.0),17/04/26 23:00:00,Annual,Percentage of total employment,Ireland,2016,4.9,e,
ESTAT:ISOC_SKS_ITSPT$DEFAULTVIEW(1.0),17/04/26 23:00:00,Annual,Percentage of total employment,Ireland,2017,5.0,be,
ESTAT:ISOC_SKS_ITSPT$DEFAULTVIEW(1.0),17/04/26 23:00:00,Annual,Percentage of total employment,Ireland,2018,4.8,e,
ESTAT:ISOC_SKS_ITSPT$DEFAULTVIEW(1.0),17/04/26 23:00:00,Annual,Percentage of total employment,Ireland,2019,4.9,e,
ESTAT:ISOC_SKS_ITSPT$DEFAULTVIEW(1.0),17/04/26 23:00:00,Annual,Percentage of total employment,Ireland,2020,5.7,e,
ESTAT:ISOC_SKS_ITSPT$DEFAULTVIEW(1.0),17/04/26 23:00:00,Annual,Percentage of total employment,Ireland,2021,6.3,be,
ESTAT:ISOC_SKS_ITSPT$DEFAULTVIEW(1.0),17/04/26 23:00:00,Annual,Percentage of total employment,Ireland,2022,6.3,e,
ESTAT:ISOC_SKS_ITSPT$DEFAULTVIEW(1.0),17/04/26 23:00:00,Annual,Percentage of total employment,Ireland,2023,6.2,e,
ESTAT:ISOC_SKS_ITSPT$DEFAULTVIEW(1.0),17/04/26 23:00:00,Annual,Percentage of total employment,Ireland,2024,6.3,e,
ESTAT:ISOC_SKS_ITSPT$DEFAULTVIEW(1.0),17/04/26 23:00:00,Annual,Percentage of total employment,Ireland,2025,6.2,e,
ESTAT:ISOC_SKS_ITSPT$DEFAULTVIEW(1.0),17/04/26 23:00:00,Annual,Percentage of total employment,Iceland,2016,4.5,e,
ESTAT:ISOC_SKS_ITSPT$DEFAULTVIEW(1.0),17/04/26 23:00:00,Annual,Percentage of total employment,Iceland,2017,4.7,e,
ESTAT:ISOC_SKS_ITSPT$DEFAULTVIEW(1.0),17/04/26 23:00:00,Annual,Percentage of total employment,Iceland,2018,4.3,e,
ESTAT:ISOC_SKS_ITSPT$DEFAULTVIEW(1.0),17/04/26 23:00:00,Annual,Percentage of total employment,Iceland,2019,4.3,e,
ESTAT:ISOC_SKS_ITSPT$DEFAULTVIEW(1.0),17/04/26 23:00:00,Annual,Percentage of total employment,Iceland,2020,4.7,be,
ESTAT:ISOC_SKS_ITSPT$DEFAULTVIEW(1.0),17/04/26 23:00:00,Annual,Percentage of total employment,Iceland,2021,4.0,be,
ESTAT:ISOC_SKS_ITSPT$DEFAULTVIEW(1.0),17/04/26 23:00:00,Annual,Percentage of total employment,Iceland,2022,4.2,e,
ESTAT:ISOC_SKS_ITSPT$DEFAULTVIEW(1.0),17/04/26 23:00:00,Annual,Percentage of total employment,Iceland,2023,4.4,e,
ESTAT:ISOC_SKS_ITSPT$DEFAULTVIEW(1.0),17/04/26 23:00:00,Annual,Percentage of total employment,Iceland,2024,4.2,e,
ESTAT:ISOC_SKS_ITSPT$DEFAULTVIEW(1.0),17/04/26 23:00:00,Annual,Percentage of total employment,Italy,2016,3.4,e,
ESTAT:ISOC_SKS_ITSPT$DEFAULTVIEW(1.0),17/04/26 23:00:00,Annual,Percentage of total employment,Italy,2017,3.4,e,
ESTAT:ISOC_SKS_ITSPT$DEFAULTVIEW(1.0),17/04/26 23:00:00,Annual,Percentage of total employment,Italy,2018,3.6,be,
ESTAT:ISOC_SKS_ITSPT$DEFAULTVIEW(1.0),17/04/26 23:00:00,Annual,Percentage of total employment,Italy,2019,3.5,e,
ESTAT:ISOC_SKS_ITSPT$DEFAULTVIEW(1.0),17/04/26 23:00:00,Annual,Percentage of total employment,Italy,2020,3.6,e,
ESTAT:ISOC_SKS_ITSPT$DEFAULTVIEW(1.0),17/04/26 23:00:00,Annual,Percentage of total employment,Italy,2021,3.8,be,
ESTAT:ISOC_SKS_ITSPT$DEFAULTVIEW(1.0),17/04/26 23:00:00,Annual,Percentage of total employment,Italy,2022,3.9,e,
ESTAT:ISOC_SKS_ITSPT$DEFAULTVIEW(1.0),17/04/26 23:00:00,Annual,Percentage of total employment,Italy,2023,4.1,e,
ESTAT:ISOC_SKS_ITSPT$DEFAULTVIEW(1.0),17/04/26 23:00:00,Annual,Percentage of total employment,Italy,2024,4.0,e,
ESTAT:ISOC_SKS_ITSPT$DEFAULTVIEW(1.0),17/04/26 23:00:00,Annual,Percentage of total employment,Italy,2025,3.8,e,
ESTAT:ISOC_SKS_ITSPT$DEFAULTVIEW(1.0),17/04/26 23:00:00,Annual,Percentage of total employment,Lithuania,2016,2.5,,
ESTAT:ISOC_SKS_ITSPT$DEFAULTVIEW(1.0),17/04/26 23:00:00,Annual,Percentage of total employment,Lithuania,2017,2.7,,
ESTAT:ISOC_SKS_ITSPT$DEFAULTVIEW(1.0),17/04/26 23:00:00,Annual,Percentage of total employment,Lithuania,2018,2.7,,
ESTAT:ISOC_SKS_ITSPT$DEFAULTVIEW(1.0),17/04/26 23:00:00,Annual,Percentage of total employment,Lithuania,2019,3.1,e,
ESTAT:ISOC_SKS_ITSPT$DEFAULTVIEW(1.0),17/04/26 23:00:00,Annual,Percentage of total employment,Lithuania,2020,3.3,,
ESTAT:ISOC_SKS_ITSPT$DEFAULTVIEW(1.0),17/04/26 23:00:00,Annual,Percentage of total employment,Lithuania,2021,3.8,b,
ESTAT:ISOC_SKS_ITSPT$DEFAULTVIEW(1.0),17/04/26 23:00:00,Annual,Percentage of total employment,Lithuania,2022,4.4,,
ESTAT:ISOC_SKS_ITSPT$DEFAULTVIEW(1.0),17/04/26 23:00:00,Annual,Percentage of total employment,Lithuania,2023,4.9,e,
ESTAT:ISOC_SKS_ITSPT$DEFAULTVIEW(1.0),17/04/26 23:00:00,Annual,Percentage of total employment,Lithuania,2024,5.3,,
ESTAT:ISOC_SKS_ITSPT$DEFAULTVIEW(1.0),17/04/26 23:00:00,Annual,Percentage of total employment,Lithuania,2025,5.7,,
ESTAT:ISOC_SKS_ITSPT$DEFAULTVIEW(1.0),17/04/26 23:00:00,Annual,Percentage of total employment,Luxembourg,2016,5.1,,
ESTAT:ISOC_SKS_ITSPT$DEFAULTVIEW(1.0),17/04/26 23:00:00,Annual,Percentage of total employment,Luxembourg,2017,5.2,,
ESTAT:ISOC_SKS_ITSPT$DEFAULTVIEW(1.0),17/04/26 23:00:00,Annual,Percentage of total employment,Luxembourg,2018,5.9,e,
ESTAT:ISOC_SKS_ITSPT$DEFAULTVIEW(1.0),17/04/26 23:00:00,Annual,Percentage of total employment,Luxembourg,2019,6.1,e,
ESTAT:ISOC_SKS_ITSPT$DEFAULTVIEW(1.0),17/04/26 23:00:00,Annual,Percentage of total employment,Luxembourg,2020,6.3,,
ESTAT:ISOC_SKS_ITSPT$DEFAULTVIEW(1.0),17/04/26 23:00:00,Annual,Percentage of total employment,Luxembourg,2021,6.7,b,
ESTAT:ISOC_SKS_ITSPT$DEFAULTVIEW(1.0),17/04/26 23:00:00,Annual,Percentage of total employment,Luxembourg,2022,7.7,,
ESTAT:ISOC_SKS_ITSPT$DEFAULTVIEW(1.0),17/04/26 23:00:00,Annual,Percentage of total employment,Luxembourg,2023,8.0,,
ESTAT:ISOC_SKS_ITSPT$DEFAULTVIEW(1.0),17/04/26 23:00:00,Annual,Percentage of total employment,Luxembourg,2024,8.0,,
ESTAT:ISOC_SKS_ITSPT$DEFAULTVIEW(1.0),17/04/26 23:00:00,Annual,Percentage of total employment,Luxembourg,2025,8.7,,
ESTAT:ISOC_SKS_ITSPT$DEFAULTVIEW(1.0),17/04/26 23:00:00,Annual,Percentage of total employment,Latvia,2016,2.7,e,
ESTAT:ISOC_SKS_ITSPT$DEFAULTVIEW(1.0),17/04/26 23:00:00,Annual,Percentage of total employment,Latvia,2017,2.8,e,
ESTAT:ISOC_SKS_ITSPT$DEFAULTVIEW(1.0),17/04/26 23:00:00,Annual,Percentage of total employment,Latvia,2018,2.5,e,
ESTAT:ISOC_SKS_ITSPT$DEFAULTVIEW(1.0),17/04/26 23:00:00,Annual,Percentage of total employment,Latvia,2019,3.1,e,
ESTAT:ISOC_SKS_ITSPT$DEFAULTVIEW(1.0),17/04/26 23:00:00,Annual,Percentage of total employment,Latvia,2020,3.6,e,
ESTAT:ISOC_SKS_ITSPT$DEFAULTVIEW(1.0),17/04/26 23:00:00,Annual,Percentage of total employment,Latvia,2021,3.8,b,
ESTAT:ISOC_SKS_ITSPT$DEFAULTVIEW(1.0),17/04/26 23:00:00,Annual,Percentage of total employment,Latvia,2022,4.4,,
ESTAT:ISOC_SKS_ITSPT$DEFAULTVIEW(1.0),17/04/26 23:00:00,Annual,Percentage of total employment,Latvia,2023,4.4,,
ESTAT:ISOC_SKS_ITSPT$DEFAULTVIEW(1.0),17/04/26 23:00:00,Annual,Percentage of total employment,Latvia,2024,4.9,,
ESTAT:ISOC_SKS_ITSPT$DEFAULTVIEW(1.0),17/04/26 23:00:00,Annual,Percentage of total employment,Latvia,2025,4.5,,
ESTAT:ISOC_SKS_ITSPT$DEFAULTVIEW(1.0),17/04/26 23:00:00,Annual,Percentage of total employment,Montenegro,2016,2.1,e,
ESTAT:ISOC_SKS_ITSPT$DEFAULTVIEW(1.0),17/04/26 23:00:00,Annual,Percentage of total employment,Montenegro,2017,2.3,e,
ESTAT:ISOC_SKS_ITSPT$DEFAULTVIEW(1.0),17/04/26 23:00:00,Annual,Percentage of total employment,Montenegro,2018,1.9,e,
ESTAT:ISOC_SKS_ITSPT$DEFAULTVIEW(1.0),17/04/26 23:00:00,Annual,Percentage of total employment,Montenegro,2019,1.8,e,
ESTAT:ISOC_SKS_ITSPT$DEFAULTVIEW(1.0),17/04/26 23:00:00,Annual,Percentage of total employment,Montenegro,2020,2.5,e,
ESTAT:ISOC_SKS_ITSPT$DEFAULTVIEW(1.0),17/04/26 23:00:00,Annual,Percentage of total employment,North Macedonia,2016,1.8,e,
ESTAT:ISOC_SKS_ITSPT$DEFAULTVIEW(1.0),17/04/26 23:00:00,Annual,Percentage of total employment,North Macedonia,2017,1.6,,
ESTAT:ISOC_SKS_ITSPT$DEFAULTVIEW(1.0),17/04/26 23:00:00,Annual,Percentage of total employment,North Macedonia,2018,1.6,,
ESTAT:ISOC_SKS_ITSPT$DEFAULTVIEW(1.0),17/04/26 23:00:00,Annual,Percentage of total employment,North Macedonia,2019,1.9,,
ESTAT:ISOC_SKS_ITSPT$DEFAULTVIEW(1.0),17/04/26 23:00:00,Annual,Percentage of total employment,North Macedonia,2020,2.3,e,
ESTAT:ISOC_SKS_ITSPT$DEFAULTVIEW(1.0),17/04/26 23:00:00,Annual,Percentage of total employment,North Macedonia,2021,2.7,b,
ESTAT:ISOC_SKS_ITSPT$DEFAULTVIEW(1.0),17/04/26 23:00:00,Annual,Percentage of total employment,North Macedonia,2022,3.3,,
ESTAT:ISOC_SKS_ITSPT$DEFAULTVIEW(1.0),17/04/26 23:00:00,Annual,Percentage of total employment,North Macedonia,2023,3.5,,
ESTAT:ISOC_SKS_ITSPT$DEFAULTVIEW(1.0),17/04/26 23:00:00,Annual,Percentage of total employment,North Macedonia,2024,3.3,e,
ESTAT:ISOC_SKS_ITSPT$DEFAULTVIEW(1.0),17/04/26 23:00:00,Annual,Percentage of total employment,North Macedonia,2025,3.2,,
ESTAT:ISOC_SKS_ITSPT$DEFAULTVIEW(1.0),17/04/26 23:00:00,Annual,Percentage of total employment,Malta,2016,3.9,e,
ESTAT:ISOC_SKS_ITSPT$DEFAULTVIEW(1.0),17/04/26 23:00:00,Annual,Percentage of total employment,Malta,2017,4.3,,
ESTAT:ISOC_SKS_ITSPT$DEFAULTVIEW(1.0),17/04/26 23:00:00,Annual,Percentage of total employment,Malta,2018,4.8,,
ESTAT:ISOC_SKS_ITSPT$DEFAULTVIEW(1.0),17/04/26 23:00:00,Annual,Percentage of total employment,Malta,2019,4.6,,
ESTAT:ISOC_SKS_ITSPT$DEFAULTVIEW(1.0),17/04/26 23:00:00,Annual,Percentage of total employment,Malta,2020,4.4,e,
ESTAT:ISOC_SKS_ITSPT$DEFAULTVIEW(1.0),17/04/26 23:00:00,Annual,Percentage of total employment,Malta,2021,4.8,be,
ESTAT:ISOC_SKS_ITSPT$DEFAULTVIEW(1.0),17/04/26 23:00:00,Annual,Percentage of total employment,Malta,2022,5.0,,
ESTAT:ISOC_SKS_ITSPT$DEFAULTVIEW(1.0),17/04/26 23:00:00,Annual,Percentage of total employment,Malta,2023,4.7,,
ESTAT:ISOC_SKS_ITSPT$DEFAULTVIEW(1.0),17/04/26 23:00:00,Annual,Percentage of total employment,Malta,2024,5.3,,
ESTAT:ISOC_SKS_ITSPT$DEFAULTVIEW(1.0),17/04/26 23:00:00,Annual,Percentage of total employment,Malta,2025,4.8,,
ESTAT:ISOC_SKS_ITSPT$DEFAULTVIEW(1.0),17/04/26 23:00:00,Annual,Percentage of total employment,Netherlands,2016,5.1,,
ESTAT:ISOC_SKS_ITSPT$DEFAULTVIEW(1.0),17/04/26 23:00:00,Annual,Percentage of total employment,Netherlands,2017,5.1,,
ESTAT:ISOC_SKS_ITSPT$DEFAULTVIEW(1.0),17/04/26 23:00:00,Annual,Percentage of total employment,Netherlands,2018,5.3,,
ESTAT:ISOC_SKS_ITSPT$DEFAULTVIEW(1.0),17/04/26 23:00:00,Annual,Percentage of total employment,Netherlands,2019,5.6,,
ESTAT:ISOC_SKS_ITSPT$DEFAULTVIEW(1.0),17/04/26 23:00:00,Annual,Percentage of total employment,Netherlands,2020,5.9,,
ESTAT:ISOC_SKS_ITSPT$DEFAULTVIEW(1.0),17/04/26 23:00:00,Annual,Percentage of total employment,Netherlands,2021,6.7,b,
ESTAT:ISOC_SKS_ITSPT$DEFAULTVIEW(1.0),17/04/26 23:00:00,Annual,Percentage of total employment,Netherlands,2022,7.2,,
ESTAT:ISOC_SKS_ITSPT$DEFAULTVIEW(1.0),17/04/26 23:00:00,Annual,Percentage of total employment,Netherlands,2023,6.9,,
ESTAT:ISOC_SKS_ITSPT$DEFAULTVIEW(1.0),17/04/26 23:00:00,Annual,Percentage of total employment,Netherlands,2024,7.0,,
ESTAT:ISOC_SKS_ITSPT$DEFAULTVIEW(1.0),17/04/26 23:00:00,Annual,Percentage of total employment,Netherlands,2025,7.2,,
ESTAT:ISOC_SKS_ITSPT$DEFAULTVIEW(1.0),17/04/26 23:00:00,Annual,Percentage of total employment,Norway,2016,4.2,e,
ESTAT:ISOC_SKS_ITSPT$DEFAULTVIEW(1.0),17/04/26 23:00:00,Annual,Percentage of total employment,Norway,2017,4.6,,
ESTAT:ISOC_SKS_ITSPT$DEFAULTVIEW(1.0),17/04/26 23:00:00,Annual,Percentage of total employment,Norway,2018,4.5,,
ESTAT:ISOC_SKS_ITSPT$DEFAULTVIEW(1.0),17/04/26 23:00:00,Annual,Percentage of total employment,Norway,2019,4.6,,
ESTAT:ISOC_SKS_ITSPT$DEFAULTVIEW(1.0),17/04/26 23:00:00,Annual,Percentage of total employment,Norway,2020,5.0,e,
ESTAT:ISOC_SKS_ITSPT$DEFAULTVIEW(1.0),17/04/26 23:00:00,Annual,Percentage of total employment,Norway,2021,5.4,be,
ESTAT:ISOC_SKS_ITSPT$DEFAULTVIEW(1.0),17/04/26 23:00:00,Annual,Percentage of total employment,Norway,2022,5.1,,
ESTAT:ISOC_SKS_ITSPT$DEFAULTVIEW(1.0),17/04/26 23:00:00,Annual,Percentage of total employment,Norway,2023,5.3,,
ESTAT:ISOC_SKS_ITSPT$DEFAULTVIEW(1.0),17/04/26 23:00:00,Annual,Percentage of total employment,Norway,2024,5.5,e,
ESTAT:ISOC_SKS_ITSPT$DEFAULTVIEW(1.0),17/04/26 23:00:00,Annual,Percentage of total employment,Norway,2025,5.9,,
ESTAT:ISOC_SKS_ITSPT$DEFAULTVIEW(1.0),17/04/26 23:00:00,Annual,Percentage of total employment,Poland,2016,2.7,e,
ESTAT:ISOC_SKS_ITSPT$DEFAULTVIEW(1.0),17/04/26 23:00:00,Annual,Percentage of total employment,Poland,2017,2.8,,
ESTAT:ISOC_SKS_ITSPT$DEFAULTVIEW(1.0),17/04/26 23:00:00,Annual,Percentage of total employment,Poland,2018,3.0,,
ESTAT:ISOC_SKS_ITSPT$DEFAULTVIEW(1.0),17/04/26 23:00:00,Annual,Percentage of total employment,Poland,2019,3.2,b,
ESTAT:ISOC_SKS_ITSPT$DEFAULTVIEW(1.0),17/04/26 23:00:00,Annual,Percentage of total employment,Poland,2020,3.5,,
ESTAT:ISOC_SKS_ITSPT$DEFAULTVIEW(1.0),17/04/26 23:00:00,Annual,Percentage of total employment,Poland,2021,3.7,b,
ESTAT:ISOC_SKS_ITSPT$DEFAULTVIEW(1.0),17/04/26 23:00:00,Annual,Percentage of total employment,Poland,2022,3.7,,
ESTAT:ISOC_SKS_ITSPT$DEFAULTVIEW(1.0),17/04/26 23:00:00,Annual,Percentage of total employment,Poland,2023,4.3,,
ESTAT:ISOC_SKS_ITSPT$DEFAULTVIEW(1.0),17/04/26 23:00:00,Annual,Percentage of total employment,Poland,2024,4.5,,
ESTAT:ISOC_SKS_ITSPT$DEFAULTVIEW(1.0),17/04/26 23:00:00,Annual,Percentage of total employment,Poland,2025,4.5,,
ESTAT:ISOC_SKS_ITSPT$DEFAULTVIEW(1.0),17/04/26 23:00:00,Annual,Percentage of total employment,Portugal,2016,3.0,e,
ESTAT:ISOC_SKS_ITSPT$DEFAULTVIEW(1.0),17/04/26 23:00:00,Annual,Percentage of total employment,Portugal,2017,2.8,e,
ESTAT:ISOC_SKS_ITSPT$DEFAULTVIEW(1.0),17/04/26 23:00:00,Annual,Percentage of total employment,Portugal,2018,3.1,e,
ESTAT:ISOC_SKS_ITSPT$DEFAULTVIEW(1.0),17/04/26 23:00:00,Annual,Percentage of total employment,Portugal,2019,3.6,e,
ESTAT:ISOC_SKS_ITSPT$DEFAULTVIEW(1.0),17/04/26 23:00:00,Annual,Percentage of total employment,Portugal,2020,3.9,e,
ESTAT:ISOC_SKS_ITSPT$DEFAULTVIEW(1.0),17/04/26 23:00:00,Annual,Percentage of total employment,Portugal,2021,4.6,b,
ESTAT:ISOC_SKS_ITSPT$DEFAULTVIEW(1.0),17/04/26 23:00:00,Annual,Percentage of total employment,Portugal,2022,4.5,,
ESTAT:ISOC_SKS_ITSPT$DEFAULTVIEW(1.0),17/04/26 23:00:00,Annual,Percentage of total employment,Portugal,2023,4.6,,
ESTAT:ISOC_SKS_ITSPT$DEFAULTVIEW(1.0),17/04/26 23:00:00,Annual,Percentage of total employment,Portugal,2024,5.2,,
ESTAT:ISOC_SKS_ITSPT$DEFAULTVIEW(1.0),17/04/26 23:00:00,Annual,Percentage of total employment,Portugal,2025,5.4,,
ESTAT:ISOC_SKS_ITSPT$DEFAULTVIEW(1.0),17/04/26 23:00:00,Annual,Percentage of total employment,Romania,2016,2.0,,
ESTAT:ISOC_SKS_ITSPT$DEFAULTVIEW(1.0),17/04/26 23:00:00,Annual,Percentage of total employment,Romania,2017,2.1,,
ESTAT:ISOC_SKS_ITSPT$DEFAULTVIEW(1.0),17/04/26 23:00:00,Annual,Percentage of total employment,Romania,2018,2.2,,
ESTAT:ISOC_SKS_ITSPT$DEFAULTVIEW(1.0),17/04/26 23:00:00,Annual,Percentage of total employment,Romania,2019,2.3,e,
ESTAT:ISOC_SKS_ITSPT$DEFAULTVIEW(1.0),17/04/26 23:00:00,Annual,Percentage of total employment,Romania,2020,2.4,,
ESTAT:ISOC_SKS_ITSPT$DEFAULTVIEW(1.0),17/04/26 23:00:00,Annual,Percentage of total employment,Romania,2021,2.6,b,
ESTAT:ISOC_SKS_ITSPT$DEFAULTVIEW(1.0),17/04/26 23:00:00,Annual,Percentage of total employment,Romania,2022,2.8,e,
ESTAT:ISOC_SKS_ITSPT$DEFAULTVIEW(1.0),17/04/26 23:00:00,Annual,Percentage of total employment,Romania,2023,2.6,,
ESTAT:ISOC_SKS_ITSPT$DEFAULTVIEW(1.0),17/04/26 23:00:00,Annual,Percentage of total employment,Romania,2024,2.8,e,
ESTAT:ISOC_SKS_ITSPT$DEFAULTVIEW(1.0),17/04/26 23:00:00,Annual,Percentage of total employment,Romania,2025,2.7,e,
ESTAT:ISOC_SKS_ITSPT$DEFAULTVIEW(1.0),17/04/26 23:00:00,Annual,Percentage of total employment,Serbia,2016,2.3,e,
ESTAT:ISOC_SKS_ITSPT$DEFAULTVIEW(1.0),17/04/26 23:00:00,Annual,Percentage of total employment,Serbia,2017,2.3,,
ESTAT:ISOC_SKS_ITSPT$DEFAULTVIEW(1.0),17/04/26 23:00:00,Annual,Percentage of total employment,Serbia,2018,2.4,,
ESTAT:ISOC_SKS_ITSPT$DEFAULTVIEW(1.0),17/04/26 23:00:00,Annual,Percentage of total employment,Serbia,2019,2.6,e,
ESTAT:ISOC_SKS_ITSPT$DEFAULTVIEW(1.0),17/04/26 23:00:00,Annual,Percentage of total employment,Serbia,2020,2.8,e,
ESTAT:ISOC_SKS_ITSPT$DEFAULTVIEW(1.0),17/04/26 23:00:00,Annual,Percentage of total employment,Serbia,2021,3.5,b,
ESTAT:ISOC_SKS_ITSPT$DEFAULTVIEW(1.0),17/04/26 23:00:00,Annual,Percentage of total employment,Serbia,2022,3.6,,
ESTAT:ISOC_SKS_ITSPT$DEFAULTVIEW(1.0),17/04/26 23:00:00,Annual,Percentage of total employment,Serbia,2023,4.3,,
ESTAT:ISOC_SKS_ITSPT$DEFAULTVIEW(1.0),17/04/26 23:00:00,Annual,Percentage of total employment,Serbia,2024,4.3,,
ESTAT:ISOC_SKS_ITSPT$DEFAULTVIEW(1.0),17/04/26 23:00:00,Annual,Percentage of total employment,Serbia,2025,4.2,e,
ESTAT:ISOC_SKS_ITSPT$DEFAULTVIEW(1.0),17/04/26 23:00:00,Annual,Percentage of total employment,Sweden,2016,6.3,,
ESTAT:ISOC_SKS_ITSPT$DEFAULTVIEW(1.0),17/04/26 23:00:00,Annual,Percentage of total employment,Sweden,2017,6.6,,
ESTAT:ISOC_SKS_ITSPT$DEFAULTVIEW(1.0),17/04/26 23:00:00,Annual,Percentage of total employment,Sweden,2018,6.8,b,
ESTAT:ISOC_SKS_ITSPT$DEFAULTVIEW(1.0),17/04/26 23:00:00,Annual,Percentage of total employment,Sweden,2019,7.0,,
ESTAT:ISOC_SKS_ITSPT$DEFAULTVIEW(1.0),17/04/26 23:00:00,Annual,Percentage of total employment,Sweden,2020,7.5,e,
ESTAT:ISOC_SKS_ITSPT$DEFAULTVIEW(1.0),17/04/26 23:00:00,Annual,Percentage of total employment,Sweden,2021,8.0,b,
ESTAT:ISOC_SKS_ITSPT$DEFAULTVIEW(1.0),17/04/26 23:00:00,Annual,Percentage of total employment,Sweden,2022,8.6,,
ESTAT:ISOC_SKS_ITSPT$DEFAULTVIEW(1.0),17/04/26 23:00:00,Annual,Percentage of total employment,Sweden,2023,8.7,e,
ESTAT:ISOC_SKS_ITSPT$DEFAULTVIEW(1.0),17/04/26 23:00:00,Annual,Percentage of total employment,Sweden,2024,8.6,,
ESTAT:ISOC_SKS_ITSPT$DEFAULTVIEW(1.0),17/04/26 23:00:00,Annual,Percentage of total employment,Sweden,2025,8.9,,
ESTAT:ISOC_SKS_ITSPT$DEFAULTVIEW(1.0),17/04/26 23:00:00,Annual,Percentage of total employment,Slovenia,2016,3.5,,
ESTAT:ISOC_SKS_ITSPT$DEFAULTVIEW(1.0),17/04/26 23:00:00,Annual,Percentage of total employment,Slovenia,2017,3.8,,
ESTAT:ISOC_SKS_ITSPT$DEFAULTVIEW(1.0),17/04/26 23:00:00,Annual,Percentage of total employment,Slovenia,2018,4.0,e,
ESTAT:ISOC_SKS_ITSPT$DEFAULTVIEW(1.0),17/04/26 23:00:00,Annual,Percentage of total employment,Slovenia,2019,3.9,e,
ESTAT:ISOC_SKS_ITSPT$DEFAULTVIEW(1.0),17/04/26 23:00:00,Annual,Percentage of total employment,Slovenia,2020,4.4,e,
ESTAT:ISOC_SKS_ITSPT$DEFAULTVIEW(1.0),17/04/26 23:00:00,Annual,Percentage of total employment,Slovenia,2021,4.8,b,
ESTAT:ISOC_SKS_ITSPT$DEFAULTVIEW(1.0),17/04/26 23:00:00,Annual,Percentage of total employment,Slovenia,2022,4.5,,
ESTAT:ISOC_SKS_ITSPT$DEFAULTVIEW(1.0),17/04/26 23:00:00,Annual,Percentage of total employment,Slovenia,2023,3.8,,
ESTAT:ISOC_SKS_ITSPT$DEFAULTVIEW(1.0),17/04/26 23:00:00,Annual,Percentage of total employment,Slovenia,2024,4.3,e,
ESTAT:ISOC_SKS_ITSPT$DEFAULTVIEW(1.0),17/04/26 23:00:00,Annual,Percentage of total employment,Slovenia,2025,4.5,,
ESTAT:ISOC_SKS_ITSPT$DEFAULTVIEW(1.0),17/04/26 23:00:00,Annual,Percentage of total employment,Slovakia,2016,2.9,,
ESTAT:ISOC_SKS_ITSPT$DEFAULTVIEW(1.0),17/04/26 23:00:00,Annual,Percentage of total employment,Slovakia,2017,2.8,,
ESTAT:ISOC_SKS_ITSPT$DEFAULTVIEW(1.0),17/04/26 23:00:00,Annual,Percentage of total employment,Slovakia,2018,3.2,e,
ESTAT:ISOC_SKS_ITSPT$DEFAULTVIEW(1.0),17/04/26 23:00:00,Annual,Percentage of total employment,Slovakia,2019,3.7,,
ESTAT:ISOC_SKS_ITSPT$DEFAULTVIEW(1.0),17/04/26 23:00:00,Annual,Percentage of total employment,Slovakia,2020,4.2,,
ESTAT:ISOC_SKS_ITSPT$DEFAULTVIEW(1.0),17/04/26 23:00:00,Annual,Percentage of total employment,Slovakia,2021,4.3,b,
ESTAT:ISOC_SKS_ITSPT$DEFAULTVIEW(1.0),17/04/26 23:00:00,Annual,Percentage of total employment,Slovakia,2022,4.3,,
ESTAT:ISOC_SKS_ITSPT$DEFAULTVIEW(1.0),17/04/26 23:00:00,Annual,Percentage of total employment,Slovakia,2023,4.2,,
ESTAT:ISOC_SKS_ITSPT$DEFAULTVIEW(1.0),17/04/26 23:00:00,Annual,Percentage of total employment,Slovakia,2024,4.6,,
ESTAT:ISOC_SKS_ITSPT$DEFAULTVIEW(1.0),17/04/26 23:00:00,Annual,Percentage of total employment,Slovakia,2025,4.4,e,
ESTAT:ISOC_SKS_ITSPT$DEFAULTVIEW(1.0),17/04/26 23:00:00,Annual,Percentage of total employment,Türkiye,2016,1.2,e,
ESTAT:ISOC_SKS_ITSPT$DEFAULTVIEW(1.0),17/04/26 23:00:00,Annual,Percentage of total employment,Türkiye,2017,1.2,e,
ESTAT:ISOC_SKS_ITSPT$DEFAULTVIEW(1.0),17/04/26 23:00:00,Annual,Percentage of total employment,Türkiye,2018,1.3,e,
ESTAT:ISOC_SKS_ITSPT$DEFAULTVIEW(1.0),17/04/26 23:00:00,Annual,Percentage of total employment,Türkiye,2019,1.3,e,
ESTAT:ISOC_SKS_ITSPT$DEFAULTVIEW(1.0),17/04/26 23:00:00,Annual,Percentage of total employment,Türkiye,2020,1.4,e,
ESTAT:ISOC_SKS_ITSPT$DEFAULTVIEW(1.0),17/04/26 23:00:00,Annual,Percentage of total employment,Türkiye,2021,1.4,b,
ESTAT:ISOC_SKS_ITSPT$DEFAULTVIEW(1.0),17/04/26 23:00:00,Annual,Percentage of total employment,Türkiye,2022,1.5,,
ESTAT:ISOC_SKS_ITSPT$DEFAULTVIEW(1.0),17/04/26 23:00:00,Annual,Percentage of total employment,Türkiye,2023,1.5,,
ESTAT:ISOC_SKS_ITSPT$DEFAULTVIEW(1.0),17/04/26 23:00:00,Annual,Percentage of total employment,Türkiye,2024,1.5,,
ESTAT:ISOC_SKS_ITSPT$DEFAULTVIEW(1.0),17/04/26 23:00:00,Annual,Percentage of total employment,Türkiye,2025,1.6,,
ESTAT:ISOC_SKS_ITSPT$DEFAULTVIEW(1.0),17/04/26 23:00:00,Annual,Percentage of total employment,United Kingdom,2016,5.3,e,
ESTAT:ISOC_SKS_ITSPT$DEFAULTVIEW(1.0),17/04/26 23:00:00,Annual,Percentage of total employment,United Kingdom,2017,5.2,e,
ESTAT:ISOC_SKS_ITSPT$DEFAULTVIEW(1.0),17/04/26 23:00:00,Annual,Percentage of total employment,United Kingdom,2018,5.4,e,
ESTAT:ISOC_SKS_ITSPT$DEFAULTVIEW(1.0),17/04/26 23:00:00,Annual,Percentage of total employment,United Kingdom,2019,5.6,e,
ESTAT:ISOC_SKS_ITSPT$DEFAULTVIEW(1.0),17/04/26 23:00:00,Annual,Thousand persons,Austria,2016,178.6,,
ESTAT:ISOC_SKS_ITSPT$DEFAULTVIEW(1.0),17/04/26 23:00:00,Annual,Thousand persons,Austria,2017,187.8,,
ESTAT:ISOC_SKS_ITSPT$DEFAULTVIEW(1.0),17/04/26 23:00:00,Annual,Thousand persons,Austria,2018,191.8,,
ESTAT:ISOC_SKS_ITSPT$DEFAULTVIEW(1.0),17/04/26 23:00:00,Annual,Thousand persons,Austria,2019,184.6,,
ESTAT:ISOC_SKS_ITSPT$DEFAULTVIEW(1.0),17/04/26 23:00:00,Annual,Thousand persons,Austria,2020,193.5,,
ESTAT:ISOC_SKS_ITSPT$DEFAULTVIEW(1.0),17/04/26 23:00:00,Annual,Thousand persons,Austria,2021,192.5,b,
ESTAT:ISOC_SKS_ITSPT$DEFAULTVIEW(1.0),17/04/26 23:00:00,Annual,Thousand persons,Austria,2022,220.6,,
ESTAT:ISOC_SKS_ITSPT$DEFAULTVIEW(1.0),17/04/26 23:00:00,Annual,Thousand persons,Austria,2023,237.4,,
ESTAT:ISOC_SKS_ITSPT$DEFAULTVIEW(1.0),17/04/26 23:00:00,Annual,Thousand persons,Austria,2024,237.0,,
ESTAT:ISOC_SKS_ITSPT$DEFAULTVIEW(1.0),17/04/26 23:00:00,Annual,Thousand persons,Austria,2025,242.1,,
ESTAT:ISOC_SKS_ITSPT$DEFAULTVIEW(1.0),17/04/26 23:00:00,Annual,Thousand persons,Bosnia and Herzegovina,2021,17.6,be,
ESTAT:ISOC_SKS_ITSPT$DEFAULTVIEW(1.0),17/04/26 23:00:00,Annual,Thousand persons,Bosnia and Herzegovina,2022,19.1,e,
ESTAT:ISOC_SKS_ITSPT$DEFAULTVIEW(1.0),17/04/26 23:00:00,Annual,Thousand persons,Bosnia and Herzegovina,2023,24.0,e,
ESTAT:ISOC_SKS_ITSPT$DEFAULTVIEW(1.0),17/04/26 23:00:00,Annual,Thousand persons,Bosnia and Herzegovina,2024,28.4,e,
ESTAT:ISOC_SKS_ITSPT$DEFAULTVIEW(1.0),17/04/26 23:00:00,Annual,Thousand persons,Bosnia and Herzegovina,2025,26.2,e,
ESTAT:ISOC_SKS_ITSPT$DEFAULTVIEW(1.0),17/04/26 23:00:00,Annual,Thousand persons,Belgium,2016,193.8,,
ESTAT:ISOC_SKS_ITSPT$DEFAULTVIEW(1.0),17/04/26 23:00:00,Annual,Thousand persons,Belgium,2017,228.6,b,
ESTAT:ISOC_SKS_ITSPT$DEFAULTVIEW(1.0),17/04/26 23:00:00,Annual,Thousand persons,Belgium,2018,244.8,,
ESTAT:ISOC_SKS_ITSPT$DEFAULTVIEW(1.0),17/04/26 23:00:00,Annual,Thousand persons,Belgium,2019,238.9,,
ESTAT:ISOC_SKS_ITSPT$DEFAULTVIEW(1.0),17/04/26 23:00:00,Annual,Thousand persons,Belgium,2020,240.8,,
ESTAT:ISOC_SKS_ITSPT$DEFAULTVIEW(1.0),17/04/26 23:00:00,Annual,Thousand persons,Belgium,2021,272.1,b,
ESTAT:ISOC_SKS_ITSPT$DEFAULTVIEW(1.0),17/04/26 23:00:00,Annual,Thousand persons,Belgium,2022,277.5,,
ESTAT:ISOC_SKS_ITSPT$DEFAULTVIEW(1.0),17/04/26 23:00:00,Annual,Thousand persons,Belgium,2023,272.6,,
ESTAT:ISOC_SKS_ITSPT$DEFAULTVIEW(1.0),17/04/26 23:00:00,Annual,Thousand persons,Belgium,2024,287.5,,
ESTAT:ISOC_SKS_ITSPT$DEFAULTVIEW(1.0),17/04/26 23:00:00,Annual,Thousand persons,Belgium,2025,302.3,,
ESTAT:ISOC_SKS_ITSPT$DEFAULTVIEW(1.0),17/04/26 23:00:00,Annual,Thousand persons,Bulgaria,2016,91.7,e,
ESTAT:ISOC_SKS_ITSPT$DEFAULTVIEW(1.0),17/04/26 23:00:00,Annual,Thousand persons,Bulgaria,2017,96.4,e,
ESTAT:ISOC_SKS_ITSPT$DEFAULTVIEW(1.0),17/04/26 23:00:00,Annual,Thousand persons,Bulgaria,2018,103.5,e,
ESTAT:ISOC_SKS_ITSPT$DEFAULTVIEW(1.0),17/04/26 23:00:00,Annual,Thousand persons,Bulgaria,2019,92.6,b,
ESTAT:ISOC_SKS_ITSPT$DEFAULTVIEW(1.0),17/04/26 23:00:00,Annual,Thousand persons,Bulgaria,2020,95.5,,
ESTAT:ISOC_SKS_ITSPT$DEFAULTVIEW(1.0),17/04/26 23:00:00,Annual,Thousand persons,Bulgaria,2021,99.8,b,
ESTAT:ISOC_SKS_ITSPT$DEFAULTVIEW(1.0),17/04/26 23:00:00,Annual,Thousand persons,Bulgaria,2022,111.3,,
ESTAT:ISOC_SKS_ITSPT$DEFAULTVIEW(1.0),17/04/26 23:00:00,Annual,Thousand persons,Bulgaria,2023,126.1,,
ESTAT:ISOC_SKS_ITSPT$DEFAULTVIEW(1.0),17/04/26 23:00:00,Annual,Thousand persons,Bulgaria,2024,135.2,b,
ESTAT:ISOC_SKS_ITSPT$DEFAULTVIEW(1.0),17/04/26 23:00:00,Annual,Thousand persons,Bulgaria,2025,141.5,,
ESTAT:ISOC_SKS_ITSPT$DEFAULTVIEW(1.0),17/04/26 23:00:00,Annual,Thousand persons,Switzerland,2016,226.9,,
ESTAT:ISOC_SKS_ITSPT$DEFAULTVIEW(1.0),17/04/26 23:00:00,Annual,Thousand persons,Switzerland,2017,223.0,,
ESTAT:ISOC_SKS_ITSPT$DEFAULTVIEW(1.0),17/04/26 23:00:00,Annual,Thousand persons,Switzerland,2018,233.6,,
ESTAT:ISOC_SKS_ITSPT$DEFAULTVIEW(1.0),17/04/26 23:00:00,Annual,Thousand persons,Switzerland,2019,256.4,,
ESTAT:ISOC_SKS_ITSPT$DEFAULTVIEW(1.0),17/04/26 23:00:00,Annual,Thousand persons,Switzerland,2020,254.2,,
ESTAT:ISOC_SKS_ITSPT$DEFAULTVIEW(1.0),17/04/26 23:00:00,Annual,Thousand persons,Switzerland,2021,256.4,b,
ESTAT:ISOC_SKS_ITSPT$DEFAULTVIEW(1.0),17/04/26 23:00:00,Annual,Thousand persons,Switzerland,2022,269.1,,
ESTAT:ISOC_SKS_ITSPT$DEFAULTVIEW(1.0),17/04/26 23:00:00,Annual,Thousand persons,Switzerland,2023,272.5,,
ESTAT:ISOC_SKS_ITSPT$DEFAULTVIEW(1.0),17/04/26 23:00:00,Annual,Thousand persons,Switzerland,2024,275.3,,
ESTAT:ISOC_SKS_ITSPT$DEFAULTVIEW(1.0),17/04/26 23:00:00,Annual,Thousand persons,Switzerland,2025,284.0,,
ESTAT:ISOC_SKS_ITSPT$DEFAULTVIEW(1.0),17/04/26 23:00:00,Annual,Thousand persons,Cyprus,2016,9.9,,
ESTAT:ISOC_SKS_ITSPT$DEFAULTVIEW(1.0),17/04/26 23:00:00,Annual,Thousand persons,Cyprus,2017,10.8,,
ESTAT:ISOC_SKS_ITSPT$DEFAULTVIEW(1.0),17/04/26 23:00:00,Annual,Thousand persons,Cyprus,2018,12.8,,
ESTAT:ISOC_SKS_ITSPT$DEFAULTVIEW(1.0),17/04/26 23:00:00,Annual,Thousand persons,Cyprus,2019,11.5,,
ESTAT:ISOC_SKS_ITSPT$DEFAULTVIEW(1.0),17/04/26 23:00:00,Annual,Thousand persons,Cyprus,2020,13.8,,
ESTAT:ISOC_SKS_ITSPT$DEFAULTVIEW(1.0),17/04/26 23:00:00,Annual,Thousand persons,Cyprus,2021,17.1,b,
ESTAT:ISOC_SKS_ITSPT$DEFAULTVIEW(1.0),17/04/26 23:00:00,Annual,Thousand persons,Cyprus,2022,20.4,,
ESTAT:ISOC_SKS_ITSPT$DEFAULTVIEW(1.0),17/04/26 23:00:00,Annual,Thousand persons,Cyprus,2023,26.6,e,
ESTAT:ISOC_SKS_ITSPT$DEFAULTVIEW(1.0),17/04/26 23:00:00,Annual,Thousand persons,Cyprus,2024,24.2,e,
ESTAT:ISOC_SKS_ITSPT$DEFAULTVIEW(1.0),17/04/26 23:00:00,Annual,Thousand persons,Cyprus,2025,24.7,,
ESTAT:ISOC_SKS_ITSPT$DEFAULTVIEW(1.0),17/04/26 23:00:00,Annual,Thousand persons,Czechia,2016,188.7,,
ESTAT:ISOC_SKS_ITSPT$DEFAULTVIEW(1.0),17/04/26 23:00:00,Annual,Thousand persons,Czechia,2017,189.2,,
ESTAT:ISOC_SKS_ITSPT$DEFAULTVIEW(1.0),17/04/26 23:00:00,Annual,Thousand persons,Czechia,2018,211.6,,
ESTAT:ISOC_SKS_ITSPT$DEFAULTVIEW(1.0),17/04/26 23:00:00,Annual,Thousand persons,Czechia,2019,213.8,,
ESTAT:ISOC_SKS_ITSPT$DEFAULTVIEW(1.0),17/04/26 23:00:00,Annual,Thousand persons,Czechia,2020,219.8,,
ESTAT:ISOC_SKS_ITSPT$DEFAULTVIEW(1.0),17/04/26 23:00:00,Annual,Thousand persons,Czechia,2021,240.6,b,
ESTAT:ISOC_SKS_ITSPT$DEFAULTVIEW(1.0),17/04/26 23:00:00,Annual,Thousand persons,Czechia,2022,232.9,,
ESTAT:ISOC_SKS_ITSPT$DEFAULTVIEW(1.0),17/04/26 23:00:00,Annual,Thousand persons,Czechia,2023,217.9,,
ESTAT:ISOC_SKS_ITSPT$DEFAULTVIEW(1.0),17/04/26 23:00:00,Annual,Thousand persons,Czechia,2024,234.6,,
ESTAT:ISOC_SKS_ITSPT$DEFAULTVIEW(1.0),17/04/26 23:00:00,Annual,Thousand persons,Czechia,2025,248.2,,
ESTAT:ISOC_SKS_ITSPT$DEFAULTVIEW(1.0),17/04/26 23:00:00,Annual,Thousand persons,Germany,2016,1541.1,,
ESTAT:ISOC_SKS_ITSPT$DEFAULTVIEW(1.0),17/04/26 23:00:00,Annual,Thousand persons,Germany,2017,1555.9,,
ESTAT:ISOC_SKS_ITSPT$DEFAULTVIEW(1.0),17/04/26 23:00:00,Annual,Thousand persons,Germany,2018,1622.7,,
ESTAT:ISOC_SKS_ITSPT$DEFAULTVIEW(1.0),17/04/26 23:00:00,Annual,Thousand persons,Germany,2019,1686.9,,
ESTAT:ISOC_SKS_ITSPT$DEFAULTVIEW(1.0),17/04/26 23:00:00,Annual,Thousand persons,Germany,2020,1933.9,b,
ESTAT:ISOC_SKS_ITSPT$DEFAULTVIEW(1.0),17/04/26 23:00:00,Annual,Thousand persons,Germany,2021,1984.0,b,
ESTAT:ISOC_SKS_ITSPT$DEFAULTVIEW(1.0),17/04/26 23:00:00,Annual,Thousand persons,Germany,2022,2072.2,,
ESTAT:ISOC_SKS_ITSPT$DEFAULTVIEW(1.0),17/04/26 23:00:00,Annual,Thousand persons,Germany,2023,2054.7,,
ESTAT:ISOC_SKS_ITSPT$DEFAULTVIEW(1.0),17/04/26 23:00:00,Annual,Thousand persons,Germany,2024,2184.5,,
ESTAT:ISOC_SKS_ITSPT$DEFAULTVIEW(1.0),17/04/26 23:00:00,Annual,Thousand persons,Germany,2025,2319.1,,
ESTAT:ISOC_SKS_ITSPT$DEFAULTVIEW(1.0),17/04/26 23:00:00,Annual,Thousand persons,Denmark,2016,134.3,be,
ESTAT:ISOC_SKS_ITSPT$DEFAULTVIEW(1.0),17/04/26 23:00:00,Annual,Thousand persons,Denmark,2017,139.6,be,
ESTAT:ISOC_SKS_ITSPT$DEFAULTVIEW(1.0),17/04/26 23:00:00,Annual,Thousand persons,Denmark,2018,140.4,e,
ESTAT:ISOC_SKS_ITSPT$DEFAULTVIEW(1.0),17/04/26 23:00:00,Annual,Thousand persons,Denmark,2019,148.1,e,
ESTAT:ISOC_SKS_ITSPT$DEFAULTVIEW(1.0),17/04/26 23:00:00,Annual,Thousand persons,Denmark,2020,152.3,e,
ESTAT:ISOC_SKS_ITSPT$DEFAULTVIEW(1.0),17/04/26 23:00:00,Annual,Thousand persons,Denmark,2021,162.3,b,
ESTAT:ISOC_SKS_ITSPT$DEFAULTVIEW(1.0),17/04/26 23:00:00,Annual,Thousand persons,Denmark,2022,170.9,,
ESTAT:ISOC_SKS_ITSPT$DEFAULTVIEW(1.0),17/04/26 23:00:00,Annual,Thousand persons,Denmark,2023,176.8,b,
ESTAT:ISOC_SKS_ITSPT$DEFAULTVIEW(1.0),17/04/26 23:00:00,Annual,Thousand persons,Denmark,2024,177.2,,
ESTAT:ISOC_SKS_ITSPT$DEFAULTVIEW(1.0),17/04/26 23:00:00,Annual,Thousand persons,Denmark,2025,175.5,,
ESTAT:ISOC_SKS_ITSPT$DEFAULTVIEW(1.0),17/04/26 23:00:00,Annual,Thousand persons,Estonia,2016,32.8,e,
ESTAT:ISOC_SKS_ITSPT$DEFAULTVIEW(1.0),17/04/26 23:00:00,Annual,Thousand persons,Estonia,2017,34.2,,
ESTAT:ISOC_SKS_ITSPT$DEFAULTVIEW(1.0),17/04/26 23:00:00,Annual,Thousand persons,Estonia,2018,35.6,,
ESTAT:ISOC_SKS_ITSPT$DEFAULTVIEW(1.0),17/04/26 23:00:00,Annual,Thousand persons,Estonia,2019,38.2,,
ESTAT:ISOC_SKS_ITSPT$DEFAULTVIEW(1.0),17/04/26 23:00:00,Annual,Thousand persons,Estonia,2020,40.3,e,
ESTAT:ISOC_SKS_ITSPT$DEFAULTVIEW(1.0),17/04/26 23:00:00,Annual,Thousand persons,Estonia,2021,40.1,b,
ESTAT:ISOC_SKS_ITSPT$DEFAULTVIEW(1.0),17/04/26 23:00:00,Annual,Thousand persons,Estonia,2022,44.5,,
ESTAT:ISOC_SKS_ITSPT$DEFAULTVIEW(1.0),17/04/26 23:00:00,Annual,Thousand persons,Estonia,2023,46.5,e,
ESTAT:ISOC_SKS_ITSPT$DEFAULTVIEW(1.0),17/04/26 23:00:00,Annual,Thousand persons,Estonia,2024,50.6,e,
ESTAT:ISOC_SKS_ITSPT$DEFAULTVIEW(1.0),17/04/26 23:00:00,Annual,Thousand persons,Estonia,2025,47.5,e,
ESTAT:ISOC_SKS_ITSPT$DEFAULTVIEW(1.0),17/04/26 23:00:00,Annual,Thousand persons,Greece,2016,66.1,e,
ESTAT:ISOC_SKS_ITSPT$DEFAULTVIEW(1.0),17/04/26 23:00:00,Annual,Thousand persons,Greece,2017,75.3,e,
ESTAT:ISOC_SKS_ITSPT$DEFAULTVIEW(1.0),17/04/26 23:00:00,Annual,Thousand persons,Greece,2018,84.4,e,
ESTAT:ISOC_SKS_ITSPT$DEFAULTVIEW(1.0),17/04/26 23:00:00,Annual,Thousand persons,Greece,2019,78.9,e,
ESTAT:ISOC_SKS_ITSPT$DEFAULTVIEW(1.0),17/04/26 23:00:00,Annual,Thousand persons,Greece,2020,78.9,e,
ESTAT:ISOC_SKS_ITSPT$DEFAULTVIEW(1.0),17/04/26 23:00:00,Annual,Thousand persons,Greece,2021,93.4,b,
ESTAT:ISOC_SKS_ITSPT$DEFAULTVIEW(1.0),17/04/26 23:00:00,Annual,Thousand persons,Greece,2022,103.1,,
ESTAT:ISOC_SKS_ITSPT$DEFAULTVIEW(1.0),17/04/26 23:00:00,Annual,Thousand persons,Greece,2023,100.5,,
ESTAT:ISOC_SKS_ITSPT$DEFAULTVIEW(1.0),17/04/26 23:00:00,Annual,Thousand persons,Greece,2024,107.2,,
ESTAT:ISOC_SKS_ITSPT$DEFAULTVIEW(1.0),17/04/26 23:00:00,Annual,Thousand persons,Greece,2025,110.4,,
ESTAT:ISOC_SKS_ITSPT$DEFAULTVIEW(1.0),17/04/26 23:00:00,Annual,Thousand persons,Spain,2016,616.9,e,
ESTAT:ISOC_SKS_ITSPT$DEFAULTVIEW(1.0),17/04/26 23:00:00,Annual,Thousand persons,Spain,2017,657.8,e,
ESTAT:ISOC_SKS_ITSPT$DEFAULTVIEW(1.0),17/04/26 23:00:00,Annual,Thousand persons,Spain,2018,698.1,e,
ESTAT:ISOC_SKS_ITSPT$DEFAULTVIEW(1.0),17/04/26 23:00:00,Annual,Thousand persons,Spain,2019,733.7,e,
ESTAT:ISOC_SKS_ITSPT$DEFAULTVIEW(1.0),17/04/26 23:00:00,Annual,Thousand persons,Spain,2020,745.1,e,
ESTAT:ISOC_SKS_ITSPT$DEFAULTVIEW(1.0),17/04/26 23:00:00,Annual,Thousand persons,Spain,2021,805.0,bd,
ESTAT:ISOC_SKS_ITSPT$DEFAULTVIEW(1.0),17/04/26 23:00:00,Annual,Thousand persons,Spain,2022,880.4,d,
ESTAT:ISOC_SKS_ITSPT$DEFAULTVIEW(1.0),17/04/26 23:00:00,Annual,Thousand persons,Spain,2023,935.9,d,
ESTAT:ISOC_SKS_ITSPT$DEFAULTVIEW(1.0),17/04/26 23:00:00,Annual,Thousand persons,Spain,2024,1022.6,d,
ESTAT:ISOC_SKS_ITSPT$DEFAULTVIEW(1.0),17/04/26 23:00:00,Annual,Thousand persons,Spain,2025,1060.9,d,
ESTAT:ISOC_SKS_ITSPT$DEFAULTVIEW(1.0),17/04/26 23:00:00,Annual,Thousand persons,European Union - 27 countries (from 2020),2016,6919.5,e,
ESTAT:ISOC_SKS_ITSPT$DEFAULTVIEW(1.0),17/04/26 23:00:00,Annual,Thousand persons,European Union - 27 countries (from 2020),2017,7181.2,e,
ESTAT:ISOC_SKS_ITSPT$DEFAULTVIEW(1.0),17/04/26 23:00:00,Annual,Thousand persons,European Union - 27 countries (from 2020),2018,7570.4,e,
ESTAT:ISOC_SKS_ITSPT$DEFAULTVIEW(1.0),17/04/26 23:00:00,Annual,Thousand persons,European Union - 27 countries (from 2020),2019,7880.4,e,
ESTAT:ISOC_SKS_ITSPT$DEFAULTVIEW(1.0),17/04/26 23:00:00,Annual,Thousand persons,European Union - 27 countries (from 2020),2020,8442.4,e,
ESTAT:ISOC_SKS_ITSPT$DEFAULTVIEW(1.0),17/04/26 23:00:00,Annual,Thousand persons,European Union - 27 countries (from 2020),2021,8920.3,be,
ESTAT:ISOC_SKS_ITSPT$DEFAULTVIEW(1.0),17/04/26 23:00:00,Annual,Thousand persons,European Union - 27 countries (from 2020),2022,9370.1,e,
ESTAT:ISOC_SKS_ITSPT$DEFAULTVIEW(1.0),17/04/26 23:00:00,Annual,Thousand persons,European Union - 27 countries (from 2020),2023,9749.5,e,
ESTAT:ISOC_SKS_ITSPT$DEFAULTVIEW(1.0),17/04/26 23:00:00,Annual,Thousand persons,European Union - 27 countries (from 2020),2024,10189.9,e,
ESTAT:ISOC_SKS_ITSPT$DEFAULTVIEW(1.0),17/04/26 23:00:00,Annual,Thousand persons,European Union - 27 countries (from 2020),2025,10450.8,e,
ESTAT:ISOC_SKS_ITSPT$DEFAULTVIEW(1.0),17/04/26 23:00:00,Annual,Thousand persons,Finland,2016,160.6,,
ESTAT:ISOC_SKS_ITSPT$DEFAULTVIEW(1.0),17/04/26 23:00:00,Annual,Thousand persons,Finland,2017,166.0,,
ESTAT:ISOC_SKS_ITSPT$DEFAULTVIEW(1.0),17/04/26 23:00:00,Annual,Thousand persons,Finland,2018,169.3,,
ESTAT:ISOC_SKS_ITSPT$DEFAULTVIEW(1.0),17/04/26 23:00:00,Annual,Thousand persons,Finland,2019,174.5,,
ESTAT:ISOC_SKS_ITSPT$DEFAULTVIEW(1.0),17/04/26 23:00:00,Annual,Thousand persons,Finland,2020,191.5,,
ESTAT:ISOC_SKS_ITSPT$DEFAULTVIEW(1.0),17/04/26 23:00:00,Annual,Thousand persons,Finland,2021,188.0,b,
ESTAT:ISOC_SKS_ITSPT$DEFAULTVIEW(1.0),17/04/26 23:00:00,Annual,Thousand persons,Finland,2022,197.9,,
ESTAT:ISOC_SKS_ITSPT$DEFAULTVIEW(1.0),17/04/26 23:00:00,Annual,Thousand persons,Finland,2023,200.7,,
ESTAT:ISOC_SKS_ITSPT$DEFAULTVIEW(1.0),17/04/26 23:00:00,Annual,Thousand persons,Finland,2024,204.0,,
ESTAT:ISOC_SKS_ITSPT$DEFAULTVIEW(1.0),17/04/26 23:00:00,Annual,Thousand persons,Finland,2025,202.3,,
ESTAT:ISOC_SKS_ITSPT$DEFAULTVIEW(1.0),17/04/26 23:00:00,Annual,Thousand persons,France,2016,968.7,,
ESTAT:ISOC_SKS_ITSPT$DEFAULTVIEW(1.0),17/04/26 23:00:00,Annual,Thousand persons,France,2017,1017.9,,
ESTAT:ISOC_SKS_ITSPT$DEFAULTVIEW(1.0),17/04/26 23:00:00,Annual,Thousand persons,France,2018,1061.2,,
ESTAT:ISOC_SKS_ITSPT$DEFAULTVIEW(1.0),17/04/26 23:00:00,Annual,Thousand persons,France,2019,1131.6,,
ESTAT:ISOC_SKS_ITSPT$DEFAULTVIEW(1.0),17/04/26 23:00:00,Annual,Thousand persons,France,2020,1218.9,,
ESTAT:ISOC_SKS_ITSPT$DEFAULTVIEW(1.0),17/04/26 23:00:00,Annual,Thousand persons,France,2021,1238.8,bd,
ESTAT:ISOC_SKS_ITSPT$DEFAULTVIEW(1.0),17/04/26 23:00:00,Annual,Thousand persons,France,2022,1215.5,d,
ESTAT:ISOC_SKS_ITSPT$DEFAULTVIEW(1.0),17/04/26 23:00:00,Annual,Thousand persons,France,2023,1349.0,d,
ESTAT:ISOC_SKS_ITSPT$DEFAULTVIEW(1.0),17/04/26 23:00:00,Annual,Thousand persons,France,2024,1394.9,d,
ESTAT:ISOC_SKS_ITSPT$DEFAULTVIEW(1.0),17/04/26 23:00:00,Annual,Thousand persons,France,2025,1427.8,d,
ESTAT:ISOC_SKS_ITSPT$DEFAULTVIEW(1.0),17/04/26 23:00:00,Annual,Thousand persons,Croatia,2016,52.4,,
ESTAT:ISOC_SKS_ITSPT$DEFAULTVIEW(1.0),17/04/26 23:00:00,Annual,Thousand persons,Croatia,2017,51.3,e,
ESTAT:ISOC_SKS_ITSPT$DEFAULTVIEW(1.0),17/04/26 23:00:00,Annual,Thousand persons,Croatia,2018,54.1,e,
ESTAT:ISOC_SKS_ITSPT$DEFAULTVIEW(1.0),17/04/26 23:00:00,Annual,Thousand persons,Croatia,2019,51.5,e,
ESTAT:ISOC_SKS_ITSPT$DEFAULTVIEW(1.0),17/04/26 23:00:00,Annual,Thousand persons,Croatia,2020,57.6,e,
ESTAT:ISOC_SKS_ITSPT$DEFAULTVIEW(1.0),17/04/26 23:00:00,Annual,Thousand persons,Croatia,2021,57.8,be,
ESTAT:ISOC_SKS_ITSPT$DEFAULTVIEW(1.0),17/04/26 23:00:00,Annual,Thousand persons,Croatia,2022,61.2,e,
ESTAT:ISOC_SKS_ITSPT$DEFAULTVIEW(1.0),17/04/26 23:00:00,Annual,Thousand persons,Croatia,2023,69.9,e,
ESTAT:ISOC_SKS_ITSPT$DEFAULTVIEW(1.0),17/04/26 23:00:00,Annual,Thousand persons,Croatia,2024,83.4,e,
ESTAT:ISOC_SKS_ITSPT$DEFAULTVIEW(1.0),17/04/26 23:00:00,Annual,Thousand persons,Croatia,2025,82.7,e,
ESTAT:ISOC_SKS_ITSPT$DEFAULTVIEW(1.0),17/04/26 23:00:00,Annual,Thousand persons,Hungary,2016,158.1,,
ESTAT:ISOC_SKS_ITSPT$DEFAULTVIEW(1.0),17/04/26 23:00:00,Annual,Thousand persons,Hungary,2017,157.7,,
ESTAT:ISOC_SKS_ITSPT$DEFAULTVIEW(1.0),17/04/26 23:00:00,Annual,Thousand persons,Hungary,2018,165.3,b,
ESTAT:ISOC_SKS_ITSPT$DEFAULTVIEW(1.0),17/04/26 23:00:00,Annual,Thousand persons,Hungary,2019,151.0,,
ESTAT:ISOC_SKS_ITSPT$DEFAULTVIEW(1.0),17/04/26 23:00:00,Annual,Thousand persons,Hungary,2020,168.3,e,
ESTAT:ISOC_SKS_ITSPT$DEFAULTVIEW(1.0),17/04/26 23:00:00,Annual,Thousand persons,Hungary,2021,180.9,be,
ESTAT:ISOC_SKS_ITSPT$DEFAULTVIEW(1.0),17/04/26 23:00:00,Annual,Thousand persons,Hungary,2022,193.9,e,
ESTAT:ISOC_SKS_ITSPT$DEFAULTVIEW(1.0),17/04/26 23:00:00,Annual,Thousand persons,Hungary,2023,198.4,e,
ESTAT:ISOC_SKS_ITSPT$DEFAULTVIEW(1.0),17/04/26 23:00:00,Annual,Thousand persons,Hungary,2024,211.1,e,
ESTAT:ISOC_SKS_ITSPT$DEFAULTVIEW(1.0),17/04/26 23:00:00,Annual,Thousand persons,Hungary,2025,212.5,e,
ESTAT:ISOC_SKS_ITSPT$DEFAULTVIEW(1.0),17/04/26 23:00:00,Annual,Thousand persons,Ireland,2016,104.6,e,
ESTAT:ISOC_SKS_ITSPT$DEFAULTVIEW(1.0),17/04/26 23:00:00,Annual,Thousand persons,Ireland,2017,108.5,be,
ESTAT:ISOC_SKS_ITSPT$DEFAULTVIEW(1.0),17/04/26 23:00:00,Annual,Thousand persons,Ireland,2018,107.0,e,
ESTAT:ISOC_SKS_ITSPT$DEFAULTVIEW(1.0),17/04/26 23:00:00,Annual,Thousand persons,Ireland,2019,112.6,e,
ESTAT:ISOC_SKS_ITSPT$DEFAULTVIEW(1.0),17/04/26 23:00:00,Annual,Thousand persons,Ireland,2020,129.4,e,
ESTAT:ISOC_SKS_ITSPT$DEFAULTVIEW(1.0),17/04/26 23:00:00,Annual,Thousand persons,Ireland,2021,153.0,be,
ESTAT:ISOC_SKS_ITSPT$DEFAULTVIEW(1.0),17/04/26 23:00:00,Annual,Thousand persons,Ireland,2022,162.1,e,
ESTAT:ISOC_SKS_ITSPT$DEFAULTVIEW(1.0),17/04/26 23:00:00,Annual,Thousand persons,Ireland,2023,166.7,e,
ESTAT:ISOC_SKS_ITSPT$DEFAULTVIEW(1.0),17/04/26 23:00:00,Annual,Thousand persons,Ireland,2024,173.5,e,
ESTAT:ISOC_SKS_ITSPT$DEFAULTVIEW(1.0),17/04/26 23:00:00,Annual,Thousand persons,Ireland,2025,172.4,e,
ESTAT:ISOC_SKS_ITSPT$DEFAULTVIEW(1.0),17/04/26 23:00:00,Annual,Thousand persons,Iceland,2016,8.6,e,
ESTAT:ISOC_SKS_ITSPT$DEFAULTVIEW(1.0),17/04/26 23:00:00,Annual,Thousand persons,Iceland,2017,9.1,e,
ESTAT:ISOC_SKS_ITSPT$DEFAULTVIEW(1.0),17/04/26 23:00:00,Annual,Thousand persons,Iceland,2018,8.6,e,
ESTAT:ISOC_SKS_ITSPT$DEFAULTVIEW(1.0),17/04/26 23:00:00,Annual,Thousand persons,Iceland,2019,8.6,e,
ESTAT:ISOC_SKS_ITSPT$DEFAULTVIEW(1.0),17/04/26 23:00:00,Annual,Thousand persons,Iceland,2020,9.1,be,
ESTAT:ISOC_SKS_ITSPT$DEFAULTVIEW(1.0),17/04/26 23:00:00,Annual,Thousand persons,Iceland,2021,7.8,be,
ESTAT:ISOC_SKS_ITSPT$DEFAULTVIEW(1.0),17/04/26 23:00:00,Annual,Thousand persons,Iceland,2022,8.9,e,
ESTAT:ISOC_SKS_ITSPT$DEFAULTVIEW(1.0),17/04/26 23:00:00,Annual,Thousand persons,Iceland,2023,9.7,e,
ESTAT:ISOC_SKS_ITSPT$DEFAULTVIEW(1.0),17/04/26 23:00:00,Annual,Thousand persons,Iceland,2024,9.6,e,
ESTAT:ISOC_SKS_ITSPT$DEFAULTVIEW(1.0),17/04/26 23:00:00,Annual,Thousand persons,Italy,2016,760.0,e,
ESTAT:ISOC_SKS_ITSPT$DEFAULTVIEW(1.0),17/04/26 23:00:00,Annual,Thousand persons,Italy,2017,773.6,e,
ESTAT:ISOC_SKS_ITSPT$DEFAULTVIEW(1.0),17/04/26 23:00:00,Annual,Thousand persons,Italy,2018,816.5,be,
ESTAT:ISOC_SKS_ITSPT$DEFAULTVIEW(1.0),17/04/26 23:00:00,Annual,Thousand persons,Italy,2019,815.5,e,
ESTAT:ISOC_SKS_ITSPT$DEFAULTVIEW(1.0),17/04/26 23:00:00,Annual,Thousand persons,Italy,2020,817.1,e,
ESTAT:ISOC_SKS_ITSPT$DEFAULTVIEW(1.0),17/04/26 23:00:00,Annual,Thousand persons,Italy,2021,848.6,be,
ESTAT:ISOC_SKS_ITSPT$DEFAULTVIEW(1.0),17/04/26 23:00:00,Annual,Thousand persons,Italy,2022,898.2,e,
ESTAT:ISOC_SKS_ITSPT$DEFAULTVIEW(1.0),17/04/26 23:00:00,Annual,Thousand persons,Italy,2023,970.4,e,
ESTAT:ISOC_SKS_ITSPT$DEFAULTVIEW(1.0),17/04/26 23:00:00,Annual,Thousand persons,Italy,2024,945.4,e,
ESTAT:ISOC_SKS_ITSPT$DEFAULTVIEW(1.0),17/04/26 23:00:00,Annual,Thousand persons,Italy,2025,904.8,e,
ESTAT:ISOC_SKS_ITSPT$DEFAULTVIEW(1.0),17/04/26 23:00:00,Annual,Thousand persons,Lithuania,2016,34.1,,
ESTAT:ISOC_SKS_ITSPT$DEFAULTVIEW(1.0),17/04/26 23:00:00,Annual,Thousand persons,Lithuania,2017,36.9,,
ESTAT:ISOC_SKS_ITSPT$DEFAULTVIEW(1.0),17/04/26 23:00:00,Annual,Thousand persons,Lithuania,2018,37.5,,
ESTAT:ISOC_SKS_ITSPT$DEFAULTVIEW(1.0),17/04/26 23:00:00,Annual,Thousand persons,Lithuania,2019,41.9,e,
ESTAT:ISOC_SKS_ITSPT$DEFAULTVIEW(1.0),17/04/26 23:00:00,Annual,Thousand persons,Lithuania,2020,44.5,,
ESTAT:ISOC_SKS_ITSPT$DEFAULTVIEW(1.0),17/04/26 23:00:00,Annual,Thousand persons,Lithuania,2021,52.2,b,
ESTAT:ISOC_SKS_ITSPT$DEFAULTVIEW(1.0),17/04/26 23:00:00,Annual,Thousand persons,Lithuania,2022,61.7,,
ESTAT:ISOC_SKS_ITSPT$DEFAULTVIEW(1.0),17/04/26 23:00:00,Annual,Thousand persons,Lithuania,2023,70.6,e,
ESTAT:ISOC_SKS_ITSPT$DEFAULTVIEW(1.0),17/04/26 23:00:00,Annual,Thousand persons,Lithuania,2024,77.6,,
ESTAT:ISOC_SKS_ITSPT$DEFAULTVIEW(1.0),17/04/26 23:00:00,Annual,Thousand persons,Lithuania,2025,83.1,,
ESTAT:ISOC_SKS_ITSPT$DEFAULTVIEW(1.0),17/04/26 23:00:00,Annual,Thousand persons,Luxembourg,2016,13.4,,
ESTAT:ISOC_SKS_ITSPT$DEFAULTVIEW(1.0),17/04/26 23:00:00,Annual,Thousand persons,Luxembourg,2017,14.1,,
ESTAT:ISOC_SKS_ITSPT$DEFAULTVIEW(1.0),17/04/26 23:00:00,Annual,Thousand persons,Luxembourg,2018,16.6,e,
ESTAT:ISOC_SKS_ITSPT$DEFAULTVIEW(1.0),17/04/26 23:00:00,Annual,Thousand persons,Luxembourg,2019,17.7,e,
ESTAT:ISOC_SKS_ITSPT$DEFAULTVIEW(1.0),17/04/26 23:00:00,Annual,Thousand persons,Luxembourg,2020,18.5,,
ESTAT:ISOC_SKS_ITSPT$DEFAULTVIEW(1.0),17/04/26 23:00:00,Annual,Thousand persons,Luxembourg,2021,20.5,b,
ESTAT:ISOC_SKS_ITSPT$DEFAULTVIEW(1.0),17/04/26 23:00:00,Annual,Thousand persons,Luxembourg,2022,23.9,,
ESTAT:ISOC_SKS_ITSPT$DEFAULTVIEW(1.0),17/04/26 23:00:00,Annual,Thousand persons,Luxembourg,2023,25.8,,
ESTAT:ISOC_SKS_ITSPT$DEFAULTVIEW(1.0),17/04/26 23:00:00,Annual,Thousand persons,Luxembourg,2024,26.0,,
ESTAT:ISOC_SKS_ITSPT$DEFAULTVIEW(1.0),17/04/26 23:00:00,Annual,Thousand persons,Luxembourg,2025,28.5,,
ESTAT:ISOC_SKS_ITSPT$DEFAULTVIEW(1.0),17/04/26 23:00:00,Annual,Thousand persons,Latvia,2016,24.1,e,
ESTAT:ISOC_SKS_ITSPT$DEFAULTVIEW(1.0),17/04/26 23:00:00,Annual,Thousand persons,Latvia,2017,25.2,e,
ESTAT:ISOC_SKS_ITSPT$DEFAULTVIEW(1.0),17/04/26 23:00:00,Annual,Thousand persons,Latvia,2018,23.0,e,
ESTAT:ISOC_SKS_ITSPT$DEFAULTVIEW(1.0),17/04/26 23:00:00,Annual,Thousand persons,Latvia,2019,28.0,e,
ESTAT:ISOC_SKS_ITSPT$DEFAULTVIEW(1.0),17/04/26 23:00:00,Annual,Thousand persons,Latvia,2020,32.3,e,
ESTAT:ISOC_SKS_ITSPT$DEFAULTVIEW(1.0),17/04/26 23:00:00,Annual,Thousand persons,Latvia,2021,32.7,b,
ESTAT:ISOC_SKS_ITSPT$DEFAULTVIEW(1.0),17/04/26 23:00:00,Annual,Thousand persons,Latvia,2022,39.2,,
ESTAT:ISOC_SKS_ITSPT$DEFAULTVIEW(1.0),17/04/26 23:00:00,Annual,Thousand persons,Latvia,2023,39.2,,
ESTAT:ISOC_SKS_ITSPT$DEFAULTVIEW(1.0),17/04/26 23:00:00,Annual,Thousand persons,Latvia,2024,43.1,,
ESTAT:ISOC_SKS_ITSPT$DEFAULTVIEW(1.0),17/04/26 23:00:00,Annual,Thousand persons,Latvia,2025,39.7,,
ESTAT:ISOC_SKS_ITSPT$DEFAULTVIEW(1.0),17/04/26 23:00:00,Annual,Thousand persons,Montenegro,2016,4.7,e,
ESTAT:ISOC_SKS_ITSPT$DEFAULTVIEW(1.0),17/04/26 23:00:00,Annual,Thousand persons,Montenegro,2017,5.3,e,
ESTAT:ISOC_SKS_ITSPT$DEFAULTVIEW(1.0),17/04/26 23:00:00,Annual,Thousand persons,Montenegro,2018,4.5,e,
ESTAT:ISOC_SKS_ITSPT$DEFAULTVIEW(1.0),17/04/26 23:00:00,Annual,Thousand persons,Montenegro,2019,4.5,e,
ESTAT:ISOC_SKS_ITSPT$DEFAULTVIEW(1.0),17/04/26 23:00:00,Annual,Thousand persons,Montenegro,2020,5.4,e,
ESTAT:ISOC_SKS_ITSPT$DEFAULTVIEW(1.0),17/04/26 23:00:00,Annual,Thousand persons,North Macedonia,2016,12.8,e,
ESTAT:ISOC_SKS_ITSPT$DEFAULTVIEW(1.0),17/04/26 23:00:00,Annual,Thousand persons,North Macedonia,2017,11.8,,
ESTAT:ISOC_SKS_ITSPT$DEFAULTVIEW(1.0),17/04/26 23:00:00,Annual,Thousand persons,North Macedonia,2018,12.0,,
ESTAT:ISOC_SKS_ITSPT$DEFAULTVIEW(1.0),17/04/26 23:00:00,Annual,Thousand persons,North Macedonia,2019,15.1,,
ESTAT:ISOC_SKS_ITSPT$DEFAULTVIEW(1.0),17/04/26 23:00:00,Annual,Thousand persons,North Macedonia,2020,18.4,e,
ESTAT:ISOC_SKS_ITSPT$DEFAULTVIEW(1.0),17/04/26 23:00:00,Annual,Thousand persons,North Macedonia,2021,19.0,b,
ESTAT:ISOC_SKS_ITSPT$DEFAULTVIEW(1.0),17/04/26 23:00:00,Annual,Thousand persons,North Macedonia,2022,23.0,,
ESTAT:ISOC_SKS_ITSPT$DEFAULTVIEW(1.0),17/04/26 23:00:00,Annual,Thousand persons,North Macedonia,2023,24.0,,
ESTAT:ISOC_SKS_ITSPT$DEFAULTVIEW(1.0),17/04/26 23:00:00,Annual,Thousand persons,North Macedonia,2024,23.1,e,
ESTAT:ISOC_SKS_ITSPT$DEFAULTVIEW(1.0),17/04/26 23:00:00,Annual,Thousand persons,North Macedonia,2025,22.4,,
ESTAT:ISOC_SKS_ITSPT$DEFAULTVIEW(1.0),17/04/26 23:00:00,Annual,Thousand persons,Malta,2016,8.2,e,
ESTAT:ISOC_SKS_ITSPT$DEFAULTVIEW(1.0),17/04/26 23:00:00,Annual,Thousand persons,Malta,2017,9.4,,
ESTAT:ISOC_SKS_ITSPT$DEFAULTVIEW(1.0),17/04/26 23:00:00,Annual,Thousand persons,Malta,2018,11.4,,
ESTAT:ISOC_SKS_ITSPT$DEFAULTVIEW(1.0),17/04/26 23:00:00,Annual,Thousand persons,Malta,2019,11.6,,
ESTAT:ISOC_SKS_ITSPT$DEFAULTVIEW(1.0),17/04/26 23:00:00,Annual,Thousand persons,Malta,2020,11.3,e,
ESTAT:ISOC_SKS_ITSPT$DEFAULTVIEW(1.0),17/04/26 23:00:00,Annual,Thousand persons,Malta,2021,12.6,be,
ESTAT:ISOC_SKS_ITSPT$DEFAULTVIEW(1.0),17/04/26 23:00:00,Annual,Thousand persons,Malta,2022,14.3,,
ESTAT:ISOC_SKS_ITSPT$DEFAULTVIEW(1.0),17/04/26 23:00:00,Annual,Thousand persons,Malta,2023,14.3,,
ESTAT:ISOC_SKS_ITSPT$DEFAULTVIEW(1.0),17/04/26 23:00:00,Annual,Thousand persons,Malta,2024,16.7,,
ESTAT:ISOC_SKS_ITSPT$DEFAULTVIEW(1.0),17/04/26 23:00:00,Annual,Thousand persons,Malta,2025,15.8,,
ESTAT:ISOC_SKS_ITSPT$DEFAULTVIEW(1.0),17/04/26 23:00:00,Annual,Thousand persons,Netherlands,2016,427.3,,
ESTAT:ISOC_SKS_ITSPT$DEFAULTVIEW(1.0),17/04/26 23:00:00,Annual,Thousand persons,Netherlands,2017,433.9,,
ESTAT:ISOC_SKS_ITSPT$DEFAULTVIEW(1.0),17/04/26 23:00:00,Annual,Thousand persons,Netherlands,2018,468.9,,
ESTAT:ISOC_SKS_ITSPT$DEFAULTVIEW(1.0),17/04/26 23:00:00,Annual,Thousand persons,Netherlands,2019,504.6,,
ESTAT:ISOC_SKS_ITSPT$DEFAULTVIEW(1.0),17/04/26 23:00:00,Annual,Thousand persons,Netherlands,2020,527.1,,
ESTAT:ISOC_SKS_ITSPT$DEFAULTVIEW(1.0),17/04/26 23:00:00,Annual,Thousand persons,Netherlands,2021,620.6,b,
ESTAT:ISOC_SKS_ITSPT$DEFAULTVIEW(1.0),17/04/26 23:00:00,Annual,Thousand persons,Netherlands,2022,685.0,,
ESTAT:ISOC_SKS_ITSPT$DEFAULTVIEW(1.0),17/04/26 23:00:00,Annual,Thousand persons,Netherlands,2023,673.7,,
ESTAT:ISOC_SKS_ITSPT$DEFAULTVIEW(1.0),17/04/26 23:00:00,Annual,Thousand persons,Netherlands,2024,684.4,,
ESTAT:ISOC_SKS_ITSPT$DEFAULTVIEW(1.0),17/04/26 23:00:00,Annual,Thousand persons,Netherlands,2025,708.8,,
ESTAT:ISOC_SKS_ITSPT$DEFAULTVIEW(1.0),17/04/26 23:00:00,Annual,Thousand persons,Norway,2016,111.3,e,
ESTAT:ISOC_SKS_ITSPT$DEFAULTVIEW(1.0),17/04/26 23:00:00,Annual,Thousand persons,Norway,2017,121.3,,
ESTAT:ISOC_SKS_ITSPT$DEFAULTVIEW(1.0),17/04/26 23:00:00,Annual,Thousand persons,Norway,2018,122.0,,
ESTAT:ISOC_SKS_ITSPT$DEFAULTVIEW(1.0),17/04/26 23:00:00,Annual,Thousand persons,Norway,2019,126.0,,
ESTAT:ISOC_SKS_ITSPT$DEFAULTVIEW(1.0),17/04/26 23:00:00,Annual,Thousand persons,Norway,2020,136.3,e,
ESTAT:ISOC_SKS_ITSPT$DEFAULTVIEW(1.0),17/04/26 23:00:00,Annual,Thousand persons,Norway,2021,148.6,be,
ESTAT:ISOC_SKS_ITSPT$DEFAULTVIEW(1.0),17/04/26 23:00:00,Annual,Thousand persons,Norway,2022,146.4,,
ESTAT:ISOC_SKS_ITSPT$DEFAULTVIEW(1.0),17/04/26 23:00:00,Annual,Thousand persons,Norway,2023,153.8,,
ESTAT:ISOC_SKS_ITSPT$DEFAULTVIEW(1.0),17/04/26 23:00:00,Annual,Thousand persons,Norway,2024,159.1,e,
ESTAT:ISOC_SKS_ITSPT$DEFAULTVIEW(1.0),17/04/26 23:00:00,Annual,Thousand persons,Norway,2025,171.1,,
ESTAT:ISOC_SKS_ITSPT$DEFAULTVIEW(1.0),17/04/26 23:00:00,Annual,Thousand persons,Poland,2016,432.5,e,
ESTAT:ISOC_SKS_ITSPT$DEFAULTVIEW(1.0),17/04/26 23:00:00,Annual,Thousand persons,Poland,2017,452.0,,
ESTAT:ISOC_SKS_ITSPT$DEFAULTVIEW(1.0),17/04/26 23:00:00,Annual,Thousand persons,Poland,2018,486.3,,
ESTAT:ISOC_SKS_ITSPT$DEFAULTVIEW(1.0),17/04/26 23:00:00,Annual,Thousand persons,Poland,2019,547.0,b,
ESTAT:ISOC_SKS_ITSPT$DEFAULTVIEW(1.0),17/04/26 23:00:00,Annual,Thousand persons,Poland,2020,593.9,,
ESTAT:ISOC_SKS_ITSPT$DEFAULTVIEW(1.0),17/04/26 23:00:00,Annual,Thousand persons,Poland,2021,625.5,b,
ESTAT:ISOC_SKS_ITSPT$DEFAULTVIEW(1.0),17/04/26 23:00:00,Annual,Thousand persons,Poland,2022,644.6,,
ESTAT:ISOC_SKS_ITSPT$DEFAULTVIEW(1.0),17/04/26 23:00:00,Annual,Thousand persons,Poland,2023,744.1,,
ESTAT:ISOC_SKS_ITSPT$DEFAULTVIEW(1.0),17/04/26 23:00:00,Annual,Thousand persons,Poland,2024,770.6,,
ESTAT:ISOC_SKS_ITSPT$DEFAULTVIEW(1.0),17/04/26 23:00:00,Annual,Thousand persons,Poland,2025,778.8,,
ESTAT:ISOC_SKS_ITSPT$DEFAULTVIEW(1.0),17/04/26 23:00:00,Annual,Thousand persons,Portugal,2016,137.7,e,
ESTAT:ISOC_SKS_ITSPT$DEFAULTVIEW(1.0),17/04/26 23:00:00,Annual,Thousand persons,Portugal,2017,134.1,e,
ESTAT:ISOC_SKS_ITSPT$DEFAULTVIEW(1.0),17/04/26 23:00:00,Annual,Thousand persons,Portugal,2018,149.8,e,
ESTAT:ISOC_SKS_ITSPT$DEFAULTVIEW(1.0),17/04/26 23:00:00,Annual,Thousand persons,Portugal,2019,174.6,e,
ESTAT:ISOC_SKS_ITSPT$DEFAULTVIEW(1.0),17/04/26 23:00:00,Annual,Thousand persons,Portugal,2020,187.6,e,
ESTAT:ISOC_SKS_ITSPT$DEFAULTVIEW(1.0),17/04/26 23:00:00,Annual,Thousand persons,Portugal,2021,216.6,b,
ESTAT:ISOC_SKS_ITSPT$DEFAULTVIEW(1.0),17/04/26 23:00:00,Annual,Thousand persons,Portugal,2022,220.0,,
ESTAT:ISOC_SKS_ITSPT$DEFAULTVIEW(1.0),17/04/26 23:00:00,Annual,Thousand persons,Portugal,2023,229.7,,
ESTAT:ISOC_SKS_ITSPT$DEFAULTVIEW(1.0),17/04/26 23:00:00,Annual,Thousand persons,Portugal,2024,262.1,,
ESTAT:ISOC_SKS_ITSPT$DEFAULTVIEW(1.0),17/04/26 23:00:00,Annual,Thousand persons,Portugal,2025,283.9,,
ESTAT:ISOC_SKS_ITSPT$DEFAULTVIEW(1.0),17/04/26 23:00:00,Annual,Thousand persons,Romania,2016,167.7,,
ESTAT:ISOC_SKS_ITSPT$DEFAULTVIEW(1.0),17/04/26 23:00:00,Annual,Thousand persons,Romania,2017,185.4,,
ESTAT:ISOC_SKS_ITSPT$DEFAULTVIEW(1.0),17/04/26 23:00:00,Annual,Thousand persons,Romania,2018,190.1,,
ESTAT:ISOC_SKS_ITSPT$DEFAULTVIEW(1.0),17/04/26 23:00:00,Annual,Thousand persons,Romania,2019,197.2,e,
ESTAT:ISOC_SKS_ITSPT$DEFAULTVIEW(1.0),17/04/26 23:00:00,Annual,Thousand persons,Romania,2020,202.7,,
ESTAT:ISOC_SKS_ITSPT$DEFAULTVIEW(1.0),17/04/26 23:00:00,Annual,Thousand persons,Romania,2021,203.0,b,
ESTAT:ISOC_SKS_ITSPT$DEFAULTVIEW(1.0),17/04/26 23:00:00,Annual,Thousand persons,Romania,2022,215.0,e,
ESTAT:ISOC_SKS_ITSPT$DEFAULTVIEW(1.0),17/04/26 23:00:00,Annual,Thousand persons,Romania,2023,196.2,,
ESTAT:ISOC_SKS_ITSPT$DEFAULTVIEW(1.0),17/04/26 23:00:00,Annual,Thousand persons,Romania,2024,221.6,e,
ESTAT:ISOC_SKS_ITSPT$DEFAULTVIEW(1.0),17/04/26 23:00:00,Annual,Thousand persons,Romania,2025,207.8,e,
ESTAT:ISOC_SKS_ITSPT$DEFAULTVIEW(1.0),17/04/26 23:00:00,Annual,Thousand persons,Serbia,2016,61.8,e,
ESTAT:ISOC_SKS_ITSPT$DEFAULTVIEW(1.0),17/04/26 23:00:00,Annual,Thousand persons,Serbia,2017,64.0,,
ESTAT:ISOC_SKS_ITSPT$DEFAULTVIEW(1.0),17/04/26 23:00:00,Annual,Thousand persons,Serbia,2018,68.1,,
ESTAT:ISOC_SKS_ITSPT$DEFAULTVIEW(1.0),17/04/26 23:00:00,Annual,Thousand persons,Serbia,2019,74.4,e,
ESTAT:ISOC_SKS_ITSPT$DEFAULTVIEW(1.0),17/04/26 23:00:00,Annual,Thousand persons,Serbia,2020,79.1,e,
ESTAT:ISOC_SKS_ITSPT$DEFAULTVIEW(1.0),17/04/26 23:00:00,Annual,Thousand persons,Serbia,2021,96.0,b,
ESTAT:ISOC_SKS_ITSPT$DEFAULTVIEW(1.0),17/04/26 23:00:00,Annual,Thousand persons,Serbia,2022,99.8,,
ESTAT:ISOC_SKS_ITSPT$DEFAULTVIEW(1.0),17/04/26 23:00:00,Annual,Thousand persons,Serbia,2023,120.5,,
ESTAT:ISOC_SKS_ITSPT$DEFAULTVIEW(1.0),17/04/26 23:00:00,Annual,Thousand persons,Serbia,2024,122.7,,
ESTAT:ISOC_SKS_ITSPT$DEFAULTVIEW(1.0),17/04/26 23:00:00,Annual,Thousand persons,Serbia,2025,120.6,e,
ESTAT:ISOC_SKS_ITSPT$DEFAULTVIEW(1.0),17/04/26 23:00:00,Annual,Thousand persons,Sweden,2016,310.8,,
ESTAT:ISOC_SKS_ITSPT$DEFAULTVIEW(1.0),17/04/26 23:00:00,Annual,Thousand persons,Sweden,2017,332.8,,
ESTAT:ISOC_SKS_ITSPT$DEFAULTVIEW(1.0),17/04/26 23:00:00,Annual,Thousand persons,Sweden,2018,346.6,b,
ESTAT:ISOC_SKS_ITSPT$DEFAULTVIEW(1.0),17/04/26 23:00:00,Annual,Thousand persons,Sweden,2019,359.8,,
ESTAT:ISOC_SKS_ITSPT$DEFAULTVIEW(1.0),17/04/26 23:00:00,Annual,Thousand persons,Sweden,2020,379.7,e,
ESTAT:ISOC_SKS_ITSPT$DEFAULTVIEW(1.0),17/04/26 23:00:00,Annual,Thousand persons,Sweden,2021,405.5,b,
ESTAT:ISOC_SKS_ITSPT$DEFAULTVIEW(1.0),17/04/26 23:00:00,Annual,Thousand persons,Sweden,2022,447.7,,
ESTAT:ISOC_SKS_ITSPT$DEFAULTVIEW(1.0),17/04/26 23:00:00,Annual,Thousand persons,Sweden,2023,457.9,e,
ESTAT:ISOC_SKS_ITSPT$DEFAULTVIEW(1.0),17/04/26 23:00:00,Annual,Thousand persons,Sweden,2024,450.7,,
ESTAT:ISOC_SKS_ITSPT$DEFAULTVIEW(1.0),17/04/26 23:00:00,Annual,Thousand persons,Sweden,2025,470.9,,
ESTAT:ISOC_SKS_ITSPT$DEFAULTVIEW(1.0),17/04/26 23:00:00,Annual,Thousand persons,Slovenia,2016,32.1,,
ESTAT:ISOC_SKS_ITSPT$DEFAULTVIEW(1.0),17/04/26 23:00:00,Annual,Thousand persons,Slovenia,2017,36.1,,
ESTAT:ISOC_SKS_ITSPT$DEFAULTVIEW(1.0),17/04/26 23:00:00,Annual,Thousand persons,Slovenia,2018,39.0,e,
ESTAT:ISOC_SKS_ITSPT$DEFAULTVIEW(1.0),17/04/26 23:00:00,Annual,Thousand persons,Slovenia,2019,38.5,e,
ESTAT:ISOC_SKS_ITSPT$DEFAULTVIEW(1.0),17/04/26 23:00:00,Annual,Thousand persons,Slovenia,2020,42.5,e,
ESTAT:ISOC_SKS_ITSPT$DEFAULTVIEW(1.0),17/04/26 23:00:00,Annual,Thousand persons,Slovenia,2021,46.5,b,
ESTAT:ISOC_SKS_ITSPT$DEFAULTVIEW(1.0),17/04/26 23:00:00,Annual,Thousand persons,Slovenia,2022,44.7,,
ESTAT:ISOC_SKS_ITSPT$DEFAULTVIEW(1.0),17/04/26 23:00:00,Annual,Thousand persons,Slovenia,2023,37.2,,
ESTAT:ISOC_SKS_ITSPT$DEFAULTVIEW(1.0),17/04/26 23:00:00,Annual,Thousand persons,Slovenia,2024,42.9,e,
ESTAT:ISOC_SKS_ITSPT$DEFAULTVIEW(1.0),17/04/26 23:00:00,Annual,Thousand persons,Slovenia,2025,45.2,,
ESTAT:ISOC_SKS_ITSPT$DEFAULTVIEW(1.0),17/04/26 23:00:00,Annual,Thousand persons,Slovakia,2016,73.2,,
ESTAT:ISOC_SKS_ITSPT$DEFAULTVIEW(1.0),17/04/26 23:00:00,Annual,Thousand persons,Slovakia,2017,70.5,,
ESTAT:ISOC_SKS_ITSPT$DEFAULTVIEW(1.0),17/04/26 23:00:00,Annual,Thousand persons,Slovakia,2018,82.1,e,
ESTAT:ISOC_SKS_ITSPT$DEFAULTVIEW(1.0),17/04/26 23:00:00,Annual,Thousand persons,Slovakia,2019,95.6,,
ESTAT:ISOC_SKS_ITSPT$DEFAULTVIEW(1.0),17/04/26 23:00:00,Annual,Thousand persons,Slovakia,2020,105.8,,
ESTAT:ISOC_SKS_ITSPT$DEFAULTVIEW(1.0),17/04/26 23:00:00,Annual,Thousand persons,Slovakia,2021,110.5,b,
ESTAT:ISOC_SKS_ITSPT$DEFAULTVIEW(1.0),17/04/26 23:00:00,Annual,Thousand persons,Slovakia,2022,111.5,,
ESTAT:ISOC_SKS_ITSPT$DEFAULTVIEW(1.0),17/04/26 23:00:00,Annual,Thousand persons,Slovakia,2023,110.7,,
ESTAT:ISOC_SKS_ITSPT$DEFAULTVIEW(1.0),17/04/26 23:00:00,Annual,Thousand persons,Slovakia,2024,121.3,,
ESTAT:ISOC_SKS_ITSPT$DEFAULTVIEW(1.0),17/04/26 23:00:00,Annual,Thousand persons,Slovakia,2025,113.5,e,
ESTAT:ISOC_SKS_ITSPT$DEFAULTVIEW(1.0),17/04/26 23:00:00,Annual,Thousand persons,Türkiye,2016,323.4,e,
ESTAT:ISOC_SKS_ITSPT$DEFAULTVIEW(1.0),17/04/26 23:00:00,Annual,Thousand persons,Türkiye,2017,349.5,e,
ESTAT:ISOC_SKS_ITSPT$DEFAULTVIEW(1.0),17/04/26 23:00:00,Annual,Thousand persons,Türkiye,2018,359.9,e,
ESTAT:ISOC_SKS_ITSPT$DEFAULTVIEW(1.0),17/04/26 23:00:00,Annual,Thousand persons,Türkiye,2019,360.5,e,
ESTAT:ISOC_SKS_ITSPT$DEFAULTVIEW(1.0),17/04/26 23:00:00,Annual,Thousand persons,Türkiye,2020,371.9,e,
ESTAT:ISOC_SKS_ITSPT$DEFAULTVIEW(1.0),17/04/26 23:00:00,Annual,Thousand persons,Türkiye,2021,405.5,b,
ESTAT:ISOC_SKS_ITSPT$DEFAULTVIEW(1.0),17/04/26 23:00:00,Annual,Thousand persons,Türkiye,2022,473.9,,
ESTAT:ISOC_SKS_ITSPT$DEFAULTVIEW(1.0),17/04/26 23:00:00,Annual,Thousand persons,Türkiye,2023,481.6,,
ESTAT:ISOC_SKS_ITSPT$DEFAULTVIEW(1.0),17/04/26 23:00:00,Annual,Thousand persons,Türkiye,2024,492.6,,
ESTAT:ISOC_SKS_ITSPT$DEFAULTVIEW(1.0),17/04/26 23:00:00,Annual,Thousand persons,Türkiye,2025,522.3,,
ESTAT:ISOC_SKS_ITSPT$DEFAULTVIEW(1.0),17/04/26 23:00:00,Annual,Thousand persons,United Kingdom,2016,1674.0,e,
ESTAT:ISOC_SKS_ITSPT$DEFAULTVIEW(1.0),17/04/26 23:00:00,Annual,Thousand persons,United Kingdom,2017,1657.3,e,
ESTAT:ISOC_SKS_ITSPT$DEFAULTVIEW(1.0),17/04/26 23:00:00,Annual,Thousand persons,United Kingdom,2018,1737.2,e,
ESTAT:ISOC_SKS_ITSPT$DEFAULTVIEW(1.0),17/04/26 23:00:00,Annual,Thousand persons,United Kingdom,2019,1807.0,e,
