DATAFLOW,LAST UPDATE,freq,waste,wst_oper,unit,geo,TIME_PERIOD,OBS_VALUE,OBS_FLAG,CONF_STATUS
ESTAT:ENV_WASELEE$DEFAULTVIEW(1.0),01/03/22 11:00:00,Annual,Total waste,Waste collected from households,Kilograms per capita,Austria,2009,8.96,,
ESTAT:ENV_WASELEE$DEFAULTVIEW(1.0),01/03/22 11:00:00,Annual,Total waste,Waste collected from households,Kilograms per capita,Austria,2010,8.72,,
ESTAT:ENV_WASELEE$DEFAULTVIEW(1.0),01/03/22 11:00:00,Annual,Total waste,Waste collected from households,Kilograms per capita,Austria,2011,8.91,,
ESTAT:ENV_WASELEE$DEFAULTVIEW(1.0),01/03/22 11:00:00,Annual,Total waste,Waste collected from households,Kilograms per capita,Austria,2012,9.09,,
ESTAT:ENV_WASELEE$DEFAULTVIEW(1.0),01/03/22 11:00:00,Annual,Total waste,Waste collected from households,Kilograms per capita,Austria,2013,8.96,,
ESTAT:ENV_WASELEE$DEFAULTVIEW(1.0),01/03/22 11:00:00,Annual,Total waste,Waste collected from households,Kilograms per capita,Austria,2014,8.98,,
ESTAT:ENV_WASELEE$DEFAULTVIEW(1.0),01/03/22 11:00:00,Annual,Total waste,Waste collected from households,Kilograms per capita,Austria,2015,9.13,,
ESTAT:ENV_WASELEE$DEFAULTVIEW(1.0),01/03/22 11:00:00,Annual,Total waste,Waste collected from households,Kilograms per capita,Austria,2016,9.51,,
ESTAT:ENV_WASELEE$DEFAULTVIEW(1.0),01/03/22 11:00:00,Annual,Total waste,Waste collected from households,Kilograms per capita,Austria,2017,12.9,,
ESTAT:ENV_WASELEE$DEFAULTVIEW(1.0),01/03/22 11:00:00,Annual,Total waste,Waste collected from households,Kilograms per capita,Austria,2018,13,,
ESTAT:ENV_WASELEE$DEFAULTVIEW(1.0),01/03/22 11:00:00,Annual,Total waste,Waste collected from households,Kilograms per capita,Belgium,2009,9.15,,
ESTAT:ENV_WASELEE$DEFAULTVIEW(1.0),01/03/22 11:00:00,Annual,Total waste,Waste collected from households,Kilograms per capita,Belgium,2010,9.34,,
ESTAT:ENV_WASELEE$DEFAULTVIEW(1.0),01/03/22 11:00:00,Annual,Total waste,Waste collected from households,Kilograms per capita,Belgium,2011,10,,
ESTAT:ENV_WASELEE$DEFAULTVIEW(1.0),01/03/22 11:00:00,Annual,Total waste,Waste collected from households,Kilograms per capita,Belgium,2012,10.08,,
ESTAT:ENV_WASELEE$DEFAULTVIEW(1.0),01/03/22 11:00:00,Annual,Total waste,Waste collected from households,Kilograms per capita,Belgium,2013,10.36,,
ESTAT:ENV_WASELEE$DEFAULTVIEW(1.0),01/03/22 11:00:00,Annual,Total waste,Waste collected from households,Kilograms per capita,Belgium,2014,9.92,,
ESTAT:ENV_WASELEE$DEFAULTVIEW(1.0),01/03/22 11:00:00,Annual,Total waste,Waste collected from households,Kilograms per capita,Belgium,2015,9.67,,
ESTAT:ENV_WASELEE$DEFAULTVIEW(1.0),01/03/22 11:00:00,Annual,Total waste,Waste collected from households,Kilograms per capita,Belgium,2016,10.69,,
ESTAT:ENV_WASELEE$DEFAULTVIEW(1.0),01/03/22 11:00:00,Annual,Total waste,Waste collected from households,Kilograms per capita,Belgium,2017,9.77,,
ESTAT:ENV_WASELEE$DEFAULTVIEW(1.0),01/03/22 11:00:00,Annual,Total waste,Waste collected from households,Kilograms per capita,Belgium,2018,10.77,,
ESTAT:ENV_WASELEE$DEFAULTVIEW(1.0),01/03/22 11:00:00,Annual,Total waste,Waste collected from households,Kilograms per capita,Bulgaria,2009,4.45,,
ESTAT:ENV_WASELEE$DEFAULTVIEW(1.0),01/03/22 11:00:00,Annual,Total waste,Waste collected from households,Kilograms per capita,Bulgaria,2010,6.05,,
ESTAT:ENV_WASELEE$DEFAULTVIEW(1.0),01/03/22 11:00:00,Annual,Total waste,Waste collected from households,Kilograms per capita,Bulgaria,2011,5.28,,
ESTAT:ENV_WASELEE$DEFAULTVIEW(1.0),01/03/22 11:00:00,Annual,Total waste,Waste collected from households,Kilograms per capita,Bulgaria,2012,5.16,,
ESTAT:ENV_WASELEE$DEFAULTVIEW(1.0),01/03/22 11:00:00,Annual,Total waste,Waste collected from households,Kilograms per capita,Bulgaria,2013,4.67,,
ESTAT:ENV_WASELEE$DEFAULTVIEW(1.0),01/03/22 11:00:00,Annual,Total waste,Waste collected from households,Kilograms per capita,Bulgaria,2014,5.73,,
ESTAT:ENV_WASELEE$DEFAULTVIEW(1.0),01/03/22 11:00:00,Annual,Total waste,Waste collected from households,Kilograms per capita,Bulgaria,2015,8.19,,
ESTAT:ENV_WASELEE$DEFAULTVIEW(1.0),01/03/22 11:00:00,Annual,Total waste,Waste collected from households,Kilograms per capita,Bulgaria,2016,7.89,,
ESTAT:ENV_WASELEE$DEFAULTVIEW(1.0),01/03/22 11:00:00,Annual,Total waste,Waste collected from households,Kilograms per capita,Bulgaria,2017,6.68,,
ESTAT:ENV_WASELEE$DEFAULTVIEW(1.0),01/03/22 11:00:00,Annual,Total waste,Waste collected from households,Kilograms per capita,Bulgaria,2018,3.22,,
ESTAT:ENV_WASELEE$DEFAULTVIEW(1.0),01/03/22 11:00:00,Annual,Total waste,Waste collected from households,Kilograms per capita,Cyprus,2009,2.82,,
ESTAT:ENV_WASELEE$DEFAULTVIEW(1.0),01/03/22 11:00:00,Annual,Total waste,Waste collected from households,Kilograms per capita,Cyprus,2010,3.11,,
ESTAT:ENV_WASELEE$DEFAULTVIEW(1.0),01/03/22 11:00:00,Annual,Total waste,Waste collected from households,Kilograms per capita,Cyprus,2011,3.13,,
ESTAT:ENV_WASELEE$DEFAULTVIEW(1.0),01/03/22 11:00:00,Annual,Total waste,Waste collected from households,Kilograms per capita,Cyprus,2012,2.82,,
ESTAT:ENV_WASELEE$DEFAULTVIEW(1.0),01/03/22 11:00:00,Annual,Total waste,Waste collected from households,Kilograms per capita,Cyprus,2013,2.6,,
ESTAT:ENV_WASELEE$DEFAULTVIEW(1.0),01/03/22 11:00:00,Annual,Total waste,Waste collected from households,Kilograms per capita,Cyprus,2014,2.61,,
ESTAT:ENV_WASELEE$DEFAULTVIEW(1.0),01/03/22 11:00:00,Annual,Total waste,Waste collected from households,Kilograms per capita,Cyprus,2015,3.46,,
ESTAT:ENV_WASELEE$DEFAULTVIEW(1.0),01/03/22 11:00:00,Annual,Total waste,Waste collected from households,Kilograms per capita,Cyprus,2016,2.96,,
ESTAT:ENV_WASELEE$DEFAULTVIEW(1.0),01/03/22 11:00:00,Annual,Total waste,Waste collected from households,Kilograms per capita,Cyprus,2017,5.27,,
ESTAT:ENV_WASELEE$DEFAULTVIEW(1.0),01/03/22 11:00:00,Annual,Total waste,Waste collected from households,Kilograms per capita,Cyprus,2018,2.92,,
ESTAT:ENV_WASELEE$DEFAULTVIEW(1.0),01/03/22 11:00:00,Annual,Total waste,Waste collected from households,Kilograms per capita,Czechia,2009,5.42,,
ESTAT:ENV_WASELEE$DEFAULTVIEW(1.0),01/03/22 11:00:00,Annual,Total waste,Waste collected from households,Kilograms per capita,Czechia,2010,4.98,,
ESTAT:ENV_WASELEE$DEFAULTVIEW(1.0),01/03/22 11:00:00,Annual,Total waste,Waste collected from households,Kilograms per capita,Czechia,2011,5.22,,
ESTAT:ENV_WASELEE$DEFAULTVIEW(1.0),01/03/22 11:00:00,Annual,Total waste,Waste collected from households,Kilograms per capita,Czechia,2012,4.94,,
ESTAT:ENV_WASELEE$DEFAULTVIEW(1.0),01/03/22 11:00:00,Annual,Total waste,Waste collected from households,Kilograms per capita,Czechia,2013,4.78,,
ESTAT:ENV_WASELEE$DEFAULTVIEW(1.0),01/03/22 11:00:00,Annual,Total waste,Waste collected from households,Kilograms per capita,Czechia,2014,5.23,,
ESTAT:ENV_WASELEE$DEFAULTVIEW(1.0),01/03/22 11:00:00,Annual,Total waste,Waste collected from households,Kilograms per capita,Czechia,2015,6.77,,
ESTAT:ENV_WASELEE$DEFAULTVIEW(1.0),01/03/22 11:00:00,Annual,Total waste,Waste collected from households,Kilograms per capita,Czechia,2016,9.49,,
ESTAT:ENV_WASELEE$DEFAULTVIEW(1.0),01/03/22 11:00:00,Annual,Total waste,Waste collected from households,Kilograms per capita,Czechia,2017,9.06,,
ESTAT:ENV_WASELEE$DEFAULTVIEW(1.0),01/03/22 11:00:00,Annual,Total waste,Waste collected from households,Kilograms per capita,Czechia,2018,7.82,,
ESTAT:ENV_WASELEE$DEFAULTVIEW(1.0),01/03/22 11:00:00,Annual,Total waste,Waste collected from households,Kilograms per capita,Germany,2009,9.44,,
ESTAT:ENV_WASELEE$DEFAULTVIEW(1.0),01/03/22 11:00:00,Annual,Total waste,Waste collected from households,Kilograms per capita,Germany,2010,8.84,,
ESTAT:ENV_WASELEE$DEFAULTVIEW(1.0),01/03/22 11:00:00,Annual,Total waste,Waste collected from households,Kilograms per capita,Germany,2011,8.06,,
ESTAT:ENV_WASELEE$DEFAULTVIEW(1.0),01/03/22 11:00:00,Annual,Total waste,Waste collected from households,Kilograms per capita,Germany,2012,7.72,,
ESTAT:ENV_WASELEE$DEFAULTVIEW(1.0),01/03/22 11:00:00,Annual,Total waste,Waste collected from households,Kilograms per capita,Germany,2013,7.65,,
ESTAT:ENV_WASELEE$DEFAULTVIEW(1.0),01/03/22 11:00:00,Annual,Total waste,Waste collected from households,Kilograms per capita,Germany,2014,7.6,,
ESTAT:ENV_WASELEE$DEFAULTVIEW(1.0),01/03/22 11:00:00,Annual,Total waste,Waste collected from households,Kilograms per capita,Germany,2015,7.63,,
ESTAT:ENV_WASELEE$DEFAULTVIEW(1.0),01/03/22 11:00:00,Annual,Total waste,Waste collected from households,Kilograms per capita,Germany,2016,8.63,,
ESTAT:ENV_WASELEE$DEFAULTVIEW(1.0),01/03/22 11:00:00,Annual,Total waste,Waste collected from households,Kilograms per capita,Germany,2017,9.13,,
ESTAT:ENV_WASELEE$DEFAULTVIEW(1.0),01/03/22 11:00:00,Annual,Total waste,Waste collected from households,Kilograms per capita,Germany,2018,9.32,,
ESTAT:ENV_WASELEE$DEFAULTVIEW(1.0),01/03/22 11:00:00,Annual,Total waste,Waste collected from households,Kilograms per capita,Denmark,2009,14.98,,
ESTAT:ENV_WASELEE$DEFAULTVIEW(1.0),01/03/22 11:00:00,Annual,Total waste,Waste collected from households,Kilograms per capita,Denmark,2010,14.8,,
ESTAT:ENV_WASELEE$DEFAULTVIEW(1.0),01/03/22 11:00:00,Annual,Total waste,Waste collected from households,Kilograms per capita,Denmark,2011,15,,
ESTAT:ENV_WASELEE$DEFAULTVIEW(1.0),01/03/22 11:00:00,Annual,Total waste,Waste collected from households,Kilograms per capita,Denmark,2012,13.44,,
ESTAT:ENV_WASELEE$DEFAULTVIEW(1.0),01/03/22 11:00:00,Annual,Total waste,Waste collected from households,Kilograms per capita,Denmark,2013,12.62,,
ESTAT:ENV_WASELEE$DEFAULTVIEW(1.0),01/03/22 11:00:00,Annual,Total waste,Waste collected from households,Kilograms per capita,Denmark,2014,12.33,,
ESTAT:ENV_WASELEE$DEFAULTVIEW(1.0),01/03/22 11:00:00,Annual,Total waste,Waste collected from households,Kilograms per capita,Denmark,2015,12.03,,
ESTAT:ENV_WASELEE$DEFAULTVIEW(1.0),01/03/22 11:00:00,Annual,Total waste,Waste collected from households,Kilograms per capita,Denmark,2016,12.05,,
ESTAT:ENV_WASELEE$DEFAULTVIEW(1.0),01/03/22 11:00:00,Annual,Total waste,Waste collected from households,Kilograms per capita,Denmark,2017,11.7,,
ESTAT:ENV_WASELEE$DEFAULTVIEW(1.0),01/03/22 11:00:00,Annual,Total waste,Waste collected from households,Kilograms per capita,Denmark,2018,11.77,,
ESTAT:ENV_WASELEE$DEFAULTVIEW(1.0),01/03/22 11:00:00,Annual,Total waste,Waste collected from households,Kilograms per capita,Estonia,2009,3.53,,
ESTAT:ENV_WASELEE$DEFAULTVIEW(1.0),01/03/22 11:00:00,Annual,Total waste,Waste collected from households,Kilograms per capita,Estonia,2010,4.19,,
ESTAT:ENV_WASELEE$DEFAULTVIEW(1.0),01/03/22 11:00:00,Annual,Total waste,Waste collected from households,Kilograms per capita,Estonia,2011,4.93,,
ESTAT:ENV_WASELEE$DEFAULTVIEW(1.0),01/03/22 11:00:00,Annual,Total waste,Waste collected from households,Kilograms per capita,Estonia,2012,4.06,,
ESTAT:ENV_WASELEE$DEFAULTVIEW(1.0),01/03/22 11:00:00,Annual,Total waste,Waste collected from households,Kilograms per capita,Estonia,2013,3.04,,
ESTAT:ENV_WASELEE$DEFAULTVIEW(1.0),01/03/22 11:00:00,Annual,Total waste,Waste collected from households,Kilograms per capita,Estonia,2014,3.57,,
ESTAT:ENV_WASELEE$DEFAULTVIEW(1.0),01/03/22 11:00:00,Annual,Total waste,Waste collected from households,Kilograms per capita,Estonia,2015,4.22,,
ESTAT:ENV_WASELEE$DEFAULTVIEW(1.0),01/03/22 11:00:00,Annual,Total waste,Waste collected from households,Kilograms per capita,Estonia,2016,4.76,,
ESTAT:ENV_WASELEE$DEFAULTVIEW(1.0),01/03/22 11:00:00,Annual,Total waste,Waste collected from households,Kilograms per capita,Estonia,2017,5.57,,
ESTAT:ENV_WASELEE$DEFAULTVIEW(1.0),01/03/22 11:00:00,Annual,Total waste,Waste collected from households,Kilograms per capita,Estonia,2018,5.87,,
ESTAT:ENV_WASELEE$DEFAULTVIEW(1.0),01/03/22 11:00:00,Annual,Total waste,Waste collected from households,Kilograms per capita,Greece,2009,5.66,,
ESTAT:ENV_WASELEE$DEFAULTVIEW(1.0),01/03/22 11:00:00,Annual,Total waste,Waste collected from households,Kilograms per capita,Greece,2010,4.01,,
ESTAT:ENV_WASELEE$DEFAULTVIEW(1.0),01/03/22 11:00:00,Annual,Total waste,Waste collected from households,Kilograms per capita,Greece,2011,3.59,d,
ESTAT:ENV_WASELEE$DEFAULTVIEW(1.0),01/03/22 11:00:00,Annual,Total waste,Waste collected from households,Kilograms per capita,Greece,2012,3.25,d,
ESTAT:ENV_WASELEE$DEFAULTVIEW(1.0),01/03/22 11:00:00,Annual,Total waste,Waste collected from households,Kilograms per capita,Greece,2013,3.36,d,
ESTAT:ENV_WASELEE$DEFAULTVIEW(1.0),01/03/22 11:00:00,Annual,Total waste,Waste collected from households,Kilograms per capita,Greece,2014,4.02,d,
ESTAT:ENV_WASELEE$DEFAULTVIEW(1.0),01/03/22 11:00:00,Annual,Total waste,Waste collected from households,Kilograms per capita,Greece,2015,4.42,,
ESTAT:ENV_WASELEE$DEFAULTVIEW(1.0),01/03/22 11:00:00,Annual,Total waste,Waste collected from households,Kilograms per capita,Greece,2016,4.84,d,
ESTAT:ENV_WASELEE$DEFAULTVIEW(1.0),01/03/22 11:00:00,Annual,Total waste,Waste collected from households,Kilograms per capita,Greece,2017,5.08,,
ESTAT:ENV_WASELEE$DEFAULTVIEW(1.0),01/03/22 11:00:00,Annual,Total waste,Waste collected from households,Kilograms per capita,Greece,2018,5.28,,
ESTAT:ENV_WASELEE$DEFAULTVIEW(1.0),01/03/22 11:00:00,Annual,Total waste,Waste collected from households,Kilograms per capita,Spain,2009,2.7,,
ESTAT:ENV_WASELEE$DEFAULTVIEW(1.0),01/03/22 11:00:00,Annual,Total waste,Waste collected from households,Kilograms per capita,Spain,2010,3.19,,
ESTAT:ENV_WASELEE$DEFAULTVIEW(1.0),01/03/22 11:00:00,Annual,Total waste,Waste collected from households,Kilograms per capita,Spain,2011,3.09,,
ESTAT:ENV_WASELEE$DEFAULTVIEW(1.0),01/03/22 11:00:00,Annual,Total waste,Waste collected from households,Kilograms per capita,Spain,2012,3.13,,
ESTAT:ENV_WASELEE$DEFAULTVIEW(1.0),01/03/22 11:00:00,Annual,Total waste,Waste collected from households,Kilograms per capita,Spain,2013,4.33,,
ESTAT:ENV_WASELEE$DEFAULTVIEW(1.0),01/03/22 11:00:00,Annual,Total waste,Waste collected from households,Kilograms per capita,Spain,2014,3.79,,
ESTAT:ENV_WASELEE$DEFAULTVIEW(1.0),01/03/22 11:00:00,Annual,Total waste,Waste collected from households,Kilograms per capita,Spain,2015,4.61,,
ESTAT:ENV_WASELEE$DEFAULTVIEW(1.0),01/03/22 11:00:00,Annual,Total waste,Waste collected from households,Kilograms per capita,Spain,2016,4.95,,
ESTAT:ENV_WASELEE$DEFAULTVIEW(1.0),01/03/22 11:00:00,Annual,Total waste,Waste collected from households,Kilograms per capita,Spain,2017,5.63,,
ESTAT:ENV_WASELEE$DEFAULTVIEW(1.0),01/03/22 11:00:00,Annual,Total waste,Waste collected from households,Kilograms per capita,Spain,2018,5.96,,
ESTAT:ENV_WASELEE$DEFAULTVIEW(1.0),01/03/22 11:00:00,Annual,Total waste,Waste collected from households,Kilograms per capita,European Union - 27 countries (from 2020),2011,5.88,,
ESTAT:ENV_WASELEE$DEFAULTVIEW(1.0),01/03/22 11:00:00,Annual,Total waste,Waste collected from households,Kilograms per capita,European Union - 27 countries (from 2020),2012,5.74,,
ESTAT:ENV_WASELEE$DEFAULTVIEW(1.0),01/03/22 11:00:00,Annual,Total waste,Waste collected from households,Kilograms per capita,European Union - 27 countries (from 2020),2013,5.87,,
ESTAT:ENV_WASELEE$DEFAULTVIEW(1.0),01/03/22 11:00:00,Annual,Total waste,Waste collected from households,Kilograms per capita,European Union - 27 countries (from 2020),2014,5.96,,
ESTAT:ENV_WASELEE$DEFAULTVIEW(1.0),01/03/22 11:00:00,Annual,Total waste,Waste collected from households,Kilograms per capita,European Union - 27 countries (from 2020),2015,6.45,,
ESTAT:ENV_WASELEE$DEFAULTVIEW(1.0),01/03/22 11:00:00,Annual,Total waste,Waste collected from households,Kilograms per capita,European Union - 27 countries (from 2020),2016,,m,
ESTAT:ENV_WASELEE$DEFAULTVIEW(1.0),01/03/22 11:00:00,Annual,Total waste,Waste collected from households,Kilograms per capita,European Union - 27 countries (from 2020),2017,,m,
ESTAT:ENV_WASELEE$DEFAULTVIEW(1.0),01/03/22 11:00:00,Annual,Total waste,Waste collected from households,Kilograms per capita,European Union - 27 countries (from 2020),2018,,m,
ESTAT:ENV_WASELEE$DEFAULTVIEW(1.0),01/03/22 11:00:00,Annual,Total waste,Waste collected from households,Kilograms per capita,Finland,2009,9.53,,
ESTAT:ENV_WASELEE$DEFAULTVIEW(1.0),01/03/22 11:00:00,Annual,Total waste,Waste collected from households,Kilograms per capita,Finland,2010,9.11,,
ESTAT:ENV_WASELEE$DEFAULTVIEW(1.0),01/03/22 11:00:00,Annual,Total waste,Waste collected from households,Kilograms per capita,Finland,2011,9.23,,
ESTAT:ENV_WASELEE$DEFAULTVIEW(1.0),01/03/22 11:00:00,Annual,Total waste,Waste collected from households,Kilograms per capita,Finland,2012,9.25,,
ESTAT:ENV_WASELEE$DEFAULTVIEW(1.0),01/03/22 11:00:00,Annual,Total waste,Waste collected from households,Kilograms per capita,Finland,2013,9.78,,
ESTAT:ENV_WASELEE$DEFAULTVIEW(1.0),01/03/22 11:00:00,Annual,Total waste,Waste collected from households,Kilograms per capita,Finland,2014,11.18,,
ESTAT:ENV_WASELEE$DEFAULTVIEW(1.0),01/03/22 11:00:00,Annual,Total waste,Waste collected from households,Kilograms per capita,Finland,2015,9.84,,
ESTAT:ENV_WASELEE$DEFAULTVIEW(1.0),01/03/22 11:00:00,Annual,Total waste,Waste collected from households,Kilograms per capita,Finland,2016,9.71,,
ESTAT:ENV_WASELEE$DEFAULTVIEW(1.0),01/03/22 11:00:00,Annual,Total waste,Waste collected from households,Kilograms per capita,Finland,2017,9.95,,
ESTAT:ENV_WASELEE$DEFAULTVIEW(1.0),01/03/22 11:00:00,Annual,Total waste,Waste collected from households,Kilograms per capita,Finland,2018,10.27,,
ESTAT:ENV_WASELEE$DEFAULTVIEW(1.0),01/03/22 11:00:00,Annual,Total waste,Waste collected from households,Kilograms per capita,France,2009,5.76,,
ESTAT:ENV_WASELEE$DEFAULTVIEW(1.0),01/03/22 11:00:00,Annual,Total waste,Waste collected from households,Kilograms per capita,France,2010,6.43,,
ESTAT:ENV_WASELEE$DEFAULTVIEW(1.0),01/03/22 11:00:00,Annual,Total waste,Waste collected from households,Kilograms per capita,France,2011,6.88,,
ESTAT:ENV_WASELEE$DEFAULTVIEW(1.0),01/03/22 11:00:00,Annual,Total waste,Waste collected from households,Kilograms per capita,France,2012,6.92,,
ESTAT:ENV_WASELEE$DEFAULTVIEW(1.0),01/03/22 11:00:00,Annual,Total waste,Waste collected from households,Kilograms per capita,France,2013,6.92,,
ESTAT:ENV_WASELEE$DEFAULTVIEW(1.0),01/03/22 11:00:00,Annual,Total waste,Waste collected from households,Kilograms per capita,France,2014,7.41,,
ESTAT:ENV_WASELEE$DEFAULTVIEW(1.0),01/03/22 11:00:00,Annual,Total waste,Waste collected from households,Kilograms per capita,France,2015,8.64,,
ESTAT:ENV_WASELEE$DEFAULTVIEW(1.0),01/03/22 11:00:00,Annual,Total waste,Waste collected from households,Kilograms per capita,France,2016,9.99,,
ESTAT:ENV_WASELEE$DEFAULTVIEW(1.0),01/03/22 11:00:00,Annual,Total waste,Waste collected from households,Kilograms per capita,France,2017,10.18,,
ESTAT:ENV_WASELEE$DEFAULTVIEW(1.0),01/03/22 11:00:00,Annual,Total waste,Waste collected from households,Kilograms per capita,France,2018,11.18,,
ESTAT:ENV_WASELEE$DEFAULTVIEW(1.0),01/03/22 11:00:00,Annual,Total waste,Waste collected from households,Kilograms per capita,Croatia,2011,2.27,,
ESTAT:ENV_WASELEE$DEFAULTVIEW(1.0),01/03/22 11:00:00,Annual,Total waste,Waste collected from households,Kilograms per capita,Croatia,2012,2.27,,
ESTAT:ENV_WASELEE$DEFAULTVIEW(1.0),01/03/22 11:00:00,Annual,Total waste,Waste collected from households,Kilograms per capita,Croatia,2013,2.12,,
ESTAT:ENV_WASELEE$DEFAULTVIEW(1.0),01/03/22 11:00:00,Annual,Total waste,Waste collected from households,Kilograms per capita,Croatia,2014,2.86,,
ESTAT:ENV_WASELEE$DEFAULTVIEW(1.0),01/03/22 11:00:00,Annual,Total waste,Waste collected from households,Kilograms per capita,Croatia,2015,4.76,,
ESTAT:ENV_WASELEE$DEFAULTVIEW(1.0),01/03/22 11:00:00,Annual,Total waste,Waste collected from households,Kilograms per capita,Croatia,2016,8.42,,
ESTAT:ENV_WASELEE$DEFAULTVIEW(1.0),01/03/22 11:00:00,Annual,Total waste,Waste collected from households,Kilograms per capita,Croatia,2017,8.21,,
ESTAT:ENV_WASELEE$DEFAULTVIEW(1.0),01/03/22 11:00:00,Annual,Total waste,Waste collected from households,Kilograms per capita,Croatia,2018,8.9,,
ESTAT:ENV_WASELEE$DEFAULTVIEW(1.0),01/03/22 11:00:00,Annual,Total waste,Waste collected from households,Kilograms per capita,Hungary,2009,4.64,,
ESTAT:ENV_WASELEE$DEFAULTVIEW(1.0),01/03/22 11:00:00,Annual,Total waste,Waste collected from households,Kilograms per capita,Hungary,2010,3.86,,
ESTAT:ENV_WASELEE$DEFAULTVIEW(1.0),01/03/22 11:00:00,Annual,Total waste,Waste collected from households,Kilograms per capita,Hungary,2011,3.47,,
ESTAT:ENV_WASELEE$DEFAULTVIEW(1.0),01/03/22 11:00:00,Annual,Total waste,Waste collected from households,Kilograms per capita,Hungary,2012,4.28,,
ESTAT:ENV_WASELEE$DEFAULTVIEW(1.0),01/03/22 11:00:00,Annual,Total waste,Waste collected from households,Kilograms per capita,Hungary,2013,4.85,,
ESTAT:ENV_WASELEE$DEFAULTVIEW(1.0),01/03/22 11:00:00,Annual,Total waste,Waste collected from households,Kilograms per capita,Hungary,2014,5.06,,
ESTAT:ENV_WASELEE$DEFAULTVIEW(1.0),01/03/22 11:00:00,Annual,Total waste,Waste collected from households,Kilograms per capita,Hungary,2015,5.26,,
ESTAT:ENV_WASELEE$DEFAULTVIEW(1.0),01/03/22 11:00:00,Annual,Total waste,Waste collected from households,Kilograms per capita,Hungary,2016,5.89,,
ESTAT:ENV_WASELEE$DEFAULTVIEW(1.0),01/03/22 11:00:00,Annual,Total waste,Waste collected from households,Kilograms per capita,Hungary,2017,6.39,,
ESTAT:ENV_WASELEE$DEFAULTVIEW(1.0),01/03/22 11:00:00,Annual,Total waste,Waste collected from households,Kilograms per capita,Hungary,2018,6.67,b,
ESTAT:ENV_WASELEE$DEFAULTVIEW(1.0),01/03/22 11:00:00,Annual,Total waste,Waste collected from households,Kilograms per capita,Ireland,2009,8.37,,
ESTAT:ENV_WASELEE$DEFAULTVIEW(1.0),01/03/22 11:00:00,Annual,Total waste,Waste collected from households,Kilograms per capita,Ireland,2010,8.06,,
ESTAT:ENV_WASELEE$DEFAULTVIEW(1.0),01/03/22 11:00:00,Annual,Total waste,Waste collected from households,Kilograms per capita,Ireland,2011,7.55,,
ESTAT:ENV_WASELEE$DEFAULTVIEW(1.0),01/03/22 11:00:00,Annual,Total waste,Waste collected from households,Kilograms per capita,Ireland,2012,7.51,,
ESTAT:ENV_WASELEE$DEFAULTVIEW(1.0),01/03/22 11:00:00,Annual,Total waste,Waste collected from households,Kilograms per capita,Ireland,2013,7.19,,
ESTAT:ENV_WASELEE$DEFAULTVIEW(1.0),01/03/22 11:00:00,Annual,Total waste,Waste collected from households,Kilograms per capita,Ireland,2014,8,,
ESTAT:ENV_WASELEE$DEFAULTVIEW(1.0),01/03/22 11:00:00,Annual,Total waste,Waste collected from households,Kilograms per capita,Ireland,2015,8.47,,
ESTAT:ENV_WASELEE$DEFAULTVIEW(1.0),01/03/22 11:00:00,Annual,Total waste,Waste collected from households,Kilograms per capita,Ireland,2016,9.4,,
ESTAT:ENV_WASELEE$DEFAULTVIEW(1.0),01/03/22 11:00:00,Annual,Total waste,Waste collected from households,Kilograms per capita,Ireland,2017,9.6,,
ESTAT:ENV_WASELEE$DEFAULTVIEW(1.0),01/03/22 11:00:00,Annual,Total waste,Waste collected from households,Kilograms per capita,Ireland,2018,10.76,,
ESTAT:ENV_WASELEE$DEFAULTVIEW(1.0),01/03/22 11:00:00,Annual,Total waste,Waste collected from households,Kilograms per capita,Iceland,2009,2.55,,
ESTAT:ENV_WASELEE$DEFAULTVIEW(1.0),01/03/22 11:00:00,Annual,Total waste,Waste collected from households,Kilograms per capita,Iceland,2010,4.29,,
ESTAT:ENV_WASELEE$DEFAULTVIEW(1.0),01/03/22 11:00:00,Annual,Total waste,Waste collected from households,Kilograms per capita,Iceland,2011,5.32,,
ESTAT:ENV_WASELEE$DEFAULTVIEW(1.0),01/03/22 11:00:00,Annual,Total waste,Waste collected from households,Kilograms per capita,Iceland,2012,6.35,,
ESTAT:ENV_WASELEE$DEFAULTVIEW(1.0),01/03/22 11:00:00,Annual,Total waste,Waste collected from households,Kilograms per capita,Iceland,2013,4.97,,
ESTAT:ENV_WASELEE$DEFAULTVIEW(1.0),01/03/22 11:00:00,Annual,Total waste,Waste collected from households,Kilograms per capita,Iceland,2014,6.52,,
ESTAT:ENV_WASELEE$DEFAULTVIEW(1.0),01/03/22 11:00:00,Annual,Total waste,Waste collected from households,Kilograms per capita,Iceland,2015,8.82,,
ESTAT:ENV_WASELEE$DEFAULTVIEW(1.0),01/03/22 11:00:00,Annual,Total waste,Waste collected from households,Kilograms per capita,Iceland,2016,9.72,,
ESTAT:ENV_WASELEE$DEFAULTVIEW(1.0),01/03/22 11:00:00,Annual,Total waste,Waste collected from households,Kilograms per capita,Iceland,2017,12.15,,
ESTAT:ENV_WASELEE$DEFAULTVIEW(1.0),01/03/22 11:00:00,Annual,Total waste,Waste collected from households,Kilograms per capita,Iceland,2018,11.07,,
ESTAT:ENV_WASELEE$DEFAULTVIEW(1.0),01/03/22 11:00:00,Annual,Total waste,Waste collected from households,Kilograms per capita,Italy,2009,3.67,,
ESTAT:ENV_WASELEE$DEFAULTVIEW(1.0),01/03/22 11:00:00,Annual,Total waste,Waste collected from households,Kilograms per capita,Italy,2010,4.28,,
ESTAT:ENV_WASELEE$DEFAULTVIEW(1.0),01/03/22 11:00:00,Annual,Total waste,Waste collected from households,Kilograms per capita,Italy,2011,4.2,,
ESTAT:ENV_WASELEE$DEFAULTVIEW(1.0),01/03/22 11:00:00,Annual,Total waste,Waste collected from households,Kilograms per capita,Italy,2012,3.69,,
ESTAT:ENV_WASELEE$DEFAULTVIEW(1.0),01/03/22 11:00:00,Annual,Total waste,Waste collected from households,Kilograms per capita,Italy,2013,3.47,,
ESTAT:ENV_WASELEE$DEFAULTVIEW(1.0),01/03/22 11:00:00,Annual,Total waste,Waste collected from households,Kilograms per capita,Italy,2014,3.52,,
ESTAT:ENV_WASELEE$DEFAULTVIEW(1.0),01/03/22 11:00:00,Annual,Total waste,Waste collected from households,Kilograms per capita,Italy,2015,4.08,,
ESTAT:ENV_WASELEE$DEFAULTVIEW(1.0),01/03/22 11:00:00,Annual,Total waste,Waste collected from households,Kilograms per capita,Italy,2016,4.27,,
ESTAT:ENV_WASELEE$DEFAULTVIEW(1.0),01/03/22 11:00:00,Annual,Total waste,Waste collected from households,Kilograms per capita,Italy,2017,4.54,,
ESTAT:ENV_WASELEE$DEFAULTVIEW(1.0),01/03/22 11:00:00,Annual,Total waste,Waste collected from households,Kilograms per capita,Italy,2018,4.8,,
ESTAT:ENV_WASELEE$DEFAULTVIEW(1.0),01/03/22 11:00:00,Annual,Total waste,Waste collected from households,Kilograms per capita,Liechtenstein,2009,1.72,d,
ESTAT:ENV_WASELEE$DEFAULTVIEW(1.0),01/03/22 11:00:00,Annual,Total waste,Waste collected from households,Kilograms per capita,Liechtenstein,2010,1.7,d,
ESTAT:ENV_WASELEE$DEFAULTVIEW(1.0),01/03/22 11:00:00,Annual,Total waste,Waste collected from households,Kilograms per capita,Liechtenstein,2011,4.35,d,
ESTAT:ENV_WASELEE$DEFAULTVIEW(1.0),01/03/22 11:00:00,Annual,Total waste,Waste collected from households,Kilograms per capita,Liechtenstein,2012,3.81,d,
ESTAT:ENV_WASELEE$DEFAULTVIEW(1.0),01/03/22 11:00:00,Annual,Total waste,Waste collected from households,Kilograms per capita,Liechtenstein,2013,7.85,d,
ESTAT:ENV_WASELEE$DEFAULTVIEW(1.0),01/03/22 11:00:00,Annual,Total waste,Waste collected from households,Kilograms per capita,Liechtenstein,2014,8.27,d,
ESTAT:ENV_WASELEE$DEFAULTVIEW(1.0),01/03/22 11:00:00,Annual,Total waste,Waste collected from households,Kilograms per capita,Liechtenstein,2015,11.42,d,
ESTAT:ENV_WASELEE$DEFAULTVIEW(1.0),01/03/22 11:00:00,Annual,Total waste,Waste collected from households,Kilograms per capita,Liechtenstein,2016,13.91,d,
ESTAT:ENV_WASELEE$DEFAULTVIEW(1.0),01/03/22 11:00:00,Annual,Total waste,Waste collected from households,Kilograms per capita,Liechtenstein,2017,12.37,d,
ESTAT:ENV_WASELEE$DEFAULTVIEW(1.0),01/03/22 11:00:00,Annual,Total waste,Waste collected from households,Kilograms per capita,Liechtenstein,2018,15.26,d,
ESTAT:ENV_WASELEE$DEFAULTVIEW(1.0),01/03/22 11:00:00,Annual,Total waste,Waste collected from households,Kilograms per capita,Lithuania,2009,2.16,,
ESTAT:ENV_WASELEE$DEFAULTVIEW(1.0),01/03/22 11:00:00,Annual,Total waste,Waste collected from households,Kilograms per capita,Lithuania,2010,2.85,,
ESTAT:ENV_WASELEE$DEFAULTVIEW(1.0),01/03/22 11:00:00,Annual,Total waste,Waste collected from households,Kilograms per capita,Lithuania,2011,3.78,,
ESTAT:ENV_WASELEE$DEFAULTVIEW(1.0),01/03/22 11:00:00,Annual,Total waste,Waste collected from households,Kilograms per capita,Lithuania,2012,4.48,,
ESTAT:ENV_WASELEE$DEFAULTVIEW(1.0),01/03/22 11:00:00,Annual,Total waste,Waste collected from households,Kilograms per capita,Lithuania,2013,5.2,,
ESTAT:ENV_WASELEE$DEFAULTVIEW(1.0),01/03/22 11:00:00,Annual,Total waste,Waste collected from households,Kilograms per capita,Lithuania,2014,7.16,,
ESTAT:ENV_WASELEE$DEFAULTVIEW(1.0),01/03/22 11:00:00,Annual,Total waste,Waste collected from households,Kilograms per capita,Lithuania,2015,5.34,,
ESTAT:ENV_WASELEE$DEFAULTVIEW(1.0),01/03/22 11:00:00,Annual,Total waste,Waste collected from households,Kilograms per capita,Lithuania,2016,4.22,,
ESTAT:ENV_WASELEE$DEFAULTVIEW(1.0),01/03/22 11:00:00,Annual,Total waste,Waste collected from households,Kilograms per capita,Lithuania,2017,4.34,,
ESTAT:ENV_WASELEE$DEFAULTVIEW(1.0),01/03/22 11:00:00,Annual,Total waste,Waste collected from households,Kilograms per capita,Lithuania,2018,4.74,,
ESTAT:ENV_WASELEE$DEFAULTVIEW(1.0),01/03/22 11:00:00,Annual,Total waste,Waste collected from households,Kilograms per capita,Luxembourg,2009,9.51,,
ESTAT:ENV_WASELEE$DEFAULTVIEW(1.0),01/03/22 11:00:00,Annual,Total waste,Waste collected from households,Kilograms per capita,Luxembourg,2010,9.36,,
ESTAT:ENV_WASELEE$DEFAULTVIEW(1.0),01/03/22 11:00:00,Annual,Total waste,Waste collected from households,Kilograms per capita,Luxembourg,2011,9.56,,
ESTAT:ENV_WASELEE$DEFAULTVIEW(1.0),01/03/22 11:00:00,Annual,Total waste,Waste collected from households,Kilograms per capita,Luxembourg,2012,9.38,,
ESTAT:ENV_WASELEE$DEFAULTVIEW(1.0),01/03/22 11:00:00,Annual,Total waste,Waste collected from households,Kilograms per capita,Luxembourg,2013,9.47,,
ESTAT:ENV_WASELEE$DEFAULTVIEW(1.0),01/03/22 11:00:00,Annual,Total waste,Waste collected from households,Kilograms per capita,Luxembourg,2014,9.84,,
ESTAT:ENV_WASELEE$DEFAULTVIEW(1.0),01/03/22 11:00:00,Annual,Total waste,Waste collected from households,Kilograms per capita,Luxembourg,2015,10.22,,
ESTAT:ENV_WASELEE$DEFAULTVIEW(1.0),01/03/22 11:00:00,Annual,Total waste,Waste collected from households,Kilograms per capita,Luxembourg,2016,10.46,,
ESTAT:ENV_WASELEE$DEFAULTVIEW(1.0),01/03/22 11:00:00,Annual,Total waste,Waste collected from households,Kilograms per capita,Luxembourg,2017,10.17,,
ESTAT:ENV_WASELEE$DEFAULTVIEW(1.0),01/03/22 11:00:00,Annual,Total waste,Waste collected from households,Kilograms per capita,Luxembourg,2018,9.98,,
ESTAT:ENV_WASELEE$DEFAULTVIEW(1.0),01/03/22 11:00:00,Annual,Total waste,Waste collected from households,Kilograms per capita,Latvia,2009,1.95,,
ESTAT:ENV_WASELEE$DEFAULTVIEW(1.0),01/03/22 11:00:00,Annual,Total waste,Waste collected from households,Kilograms per capita,Latvia,2010,1.99,,
ESTAT:ENV_WASELEE$DEFAULTVIEW(1.0),01/03/22 11:00:00,Annual,Total waste,Waste collected from households,Kilograms per capita,Latvia,2011,1.89,,
ESTAT:ENV_WASELEE$DEFAULTVIEW(1.0),01/03/22 11:00:00,Annual,Total waste,Waste collected from households,Kilograms per capita,Latvia,2012,1.88,,
ESTAT:ENV_WASELEE$DEFAULTVIEW(1.0),01/03/22 11:00:00,Annual,Total waste,Waste collected from households,Kilograms per capita,Latvia,2013,2.37,,
ESTAT:ENV_WASELEE$DEFAULTVIEW(1.0),01/03/22 11:00:00,Annual,Total waste,Waste collected from households,Kilograms per capita,Latvia,2014,2.43,,
ESTAT:ENV_WASELEE$DEFAULTVIEW(1.0),01/03/22 11:00:00,Annual,Total waste,Waste collected from households,Kilograms per capita,Latvia,2015,2.23,,
ESTAT:ENV_WASELEE$DEFAULTVIEW(1.0),01/03/22 11:00:00,Annual,Total waste,Waste collected from households,Kilograms per capita,Latvia,2016,2.47,,
ESTAT:ENV_WASELEE$DEFAULTVIEW(1.0),01/03/22 11:00:00,Annual,Total waste,Waste collected from households,Kilograms per capita,Latvia,2017,4.77,,
ESTAT:ENV_WASELEE$DEFAULTVIEW(1.0),01/03/22 11:00:00,Annual,Total waste,Waste collected from households,Kilograms per capita,Latvia,2018,5.15,,
ESTAT:ENV_WASELEE$DEFAULTVIEW(1.0),01/03/22 11:00:00,Annual,Total waste,Waste collected from households,Kilograms per capita,Malta,2009,1.41,,
ESTAT:ENV_WASELEE$DEFAULTVIEW(1.0),01/03/22 11:00:00,Annual,Total waste,Waste collected from households,Kilograms per capita,Malta,2010,3.36,,
ESTAT:ENV_WASELEE$DEFAULTVIEW(1.0),01/03/22 11:00:00,Annual,Total waste,Waste collected from households,Kilograms per capita,Malta,2011,3.18,,
ESTAT:ENV_WASELEE$DEFAULTVIEW(1.0),01/03/22 11:00:00,Annual,Total waste,Waste collected from households,Kilograms per capita,Malta,2012,2.85,,
ESTAT:ENV_WASELEE$DEFAULTVIEW(1.0),01/03/22 11:00:00,Annual,Total waste,Waste collected from households,Kilograms per capita,Malta,2013,2.84,,
ESTAT:ENV_WASELEE$DEFAULTVIEW(1.0),01/03/22 11:00:00,Annual,Total waste,Waste collected from households,Kilograms per capita,Malta,2014,2.88,,
ESTAT:ENV_WASELEE$DEFAULTVIEW(1.0),01/03/22 11:00:00,Annual,Total waste,Waste collected from households,Kilograms per capita,Malta,2015,3.8,,
ESTAT:ENV_WASELEE$DEFAULTVIEW(1.0),01/03/22 11:00:00,Annual,Total waste,Waste collected from households,Kilograms per capita,Malta,2016,4.56,,
ESTAT:ENV_WASELEE$DEFAULTVIEW(1.0),01/03/22 11:00:00,Annual,Total waste,Waste collected from households,Kilograms per capita,Malta,2017,5.26,,
ESTAT:ENV_WASELEE$DEFAULTVIEW(1.0),01/03/22 11:00:00,Annual,Total waste,Waste collected from households,Kilograms per capita,Malta,2018,5.73,,
ESTAT:ENV_WASELEE$DEFAULTVIEW(1.0),01/03/22 11:00:00,Annual,Total waste,Waste collected from households,Kilograms per capita,Netherlands,2009,6.19,,
ESTAT:ENV_WASELEE$DEFAULTVIEW(1.0),01/03/22 11:00:00,Annual,Total waste,Waste collected from households,Kilograms per capita,Netherlands,2010,7.28,,
ESTAT:ENV_WASELEE$DEFAULTVIEW(1.0),01/03/22 11:00:00,Annual,Total waste,Waste collected from households,Kilograms per capita,Netherlands,2011,7.45,,
ESTAT:ENV_WASELEE$DEFAULTVIEW(1.0),01/03/22 11:00:00,Annual,Total waste,Waste collected from households,Kilograms per capita,Netherlands,2012,6.97,,
ESTAT:ENV_WASELEE$DEFAULTVIEW(1.0),01/03/22 11:00:00,Annual,Total waste,Waste collected from households,Kilograms per capita,Netherlands,2013,6.55,,
ESTAT:ENV_WASELEE$DEFAULTVIEW(1.0),01/03/22 11:00:00,Annual,Total waste,Waste collected from households,Kilograms per capita,Netherlands,2014,7.95,,
ESTAT:ENV_WASELEE$DEFAULTVIEW(1.0),01/03/22 11:00:00,Annual,Total waste,Waste collected from households,Kilograms per capita,Netherlands,2015,7.81,,
ESTAT:ENV_WASELEE$DEFAULTVIEW(1.0),01/03/22 11:00:00,Annual,Total waste,Waste collected from households,Kilograms per capita,Netherlands,2016,8.27,,
ESTAT:ENV_WASELEE$DEFAULTVIEW(1.0),01/03/22 11:00:00,Annual,Total waste,Waste collected from households,Kilograms per capita,Netherlands,2017,8.86,,
ESTAT:ENV_WASELEE$DEFAULTVIEW(1.0),01/03/22 11:00:00,Annual,Total waste,Waste collected from households,Kilograms per capita,Netherlands,2018,9.39,,
ESTAT:ENV_WASELEE$DEFAULTVIEW(1.0),01/03/22 11:00:00,Annual,Total waste,Waste collected from households,Kilograms per capita,Norway,2009,15.36,,
ESTAT:ENV_WASELEE$DEFAULTVIEW(1.0),01/03/22 11:00:00,Annual,Total waste,Waste collected from households,Kilograms per capita,Norway,2010,15.8,,
ESTAT:ENV_WASELEE$DEFAULTVIEW(1.0),01/03/22 11:00:00,Annual,Total waste,Waste collected from households,Kilograms per capita,Norway,2011,16.58,,
ESTAT:ENV_WASELEE$DEFAULTVIEW(1.0),01/03/22 11:00:00,Annual,Total waste,Waste collected from households,Kilograms per capita,Norway,2012,15.06,,
ESTAT:ENV_WASELEE$DEFAULTVIEW(1.0),01/03/22 11:00:00,Annual,Total waste,Waste collected from households,Kilograms per capita,Norway,2013,14.19,,
ESTAT:ENV_WASELEE$DEFAULTVIEW(1.0),01/03/22 11:00:00,Annual,Total waste,Waste collected from households,Kilograms per capita,Norway,2014,14.92,,
ESTAT:ENV_WASELEE$DEFAULTVIEW(1.0),01/03/22 11:00:00,Annual,Total waste,Waste collected from households,Kilograms per capita,Norway,2015,14.14,,
ESTAT:ENV_WASELEE$DEFAULTVIEW(1.0),01/03/22 11:00:00,Annual,Total waste,Waste collected from households,Kilograms per capita,Norway,2016,13.63,,
ESTAT:ENV_WASELEE$DEFAULTVIEW(1.0),01/03/22 11:00:00,Annual,Total waste,Waste collected from households,Kilograms per capita,Norway,2017,12.29,,
ESTAT:ENV_WASELEE$DEFAULTVIEW(1.0),01/03/22 11:00:00,Annual,Total waste,Waste collected from households,Kilograms per capita,Norway,2018,11.32,,
ESTAT:ENV_WASELEE$DEFAULTVIEW(1.0),01/03/22 11:00:00,Annual,Total waste,Waste collected from households,Kilograms per capita,Poland,2009,2.66,,
ESTAT:ENV_WASELEE$DEFAULTVIEW(1.0),01/03/22 11:00:00,Annual,Total waste,Waste collected from households,Kilograms per capita,Poland,2010,2.8,,
ESTAT:ENV_WASELEE$DEFAULTVIEW(1.0),01/03/22 11:00:00,Annual,Total waste,Waste collected from households,Kilograms per capita,Poland,2011,3.56,,
ESTAT:ENV_WASELEE$DEFAULTVIEW(1.0),01/03/22 11:00:00,Annual,Total waste,Waste collected from households,Kilograms per capita,Poland,2012,4.35,,
ESTAT:ENV_WASELEE$DEFAULTVIEW(1.0),01/03/22 11:00:00,Annual,Total waste,Waste collected from households,Kilograms per capita,Poland,2013,4.3,,
ESTAT:ENV_WASELEE$DEFAULTVIEW(1.0),01/03/22 11:00:00,Annual,Total waste,Waste collected from households,Kilograms per capita,Poland,2014,4.29,,
ESTAT:ENV_WASELEE$DEFAULTVIEW(1.0),01/03/22 11:00:00,Annual,Total waste,Waste collected from households,Kilograms per capita,Poland,2015,4.99,,
ESTAT:ENV_WASELEE$DEFAULTVIEW(1.0),01/03/22 11:00:00,Annual,Total waste,Waste collected from households,Kilograms per capita,Poland,2016,5.66,,
ESTAT:ENV_WASELEE$DEFAULTVIEW(1.0),01/03/22 11:00:00,Annual,Total waste,Waste collected from households,Kilograms per capita,Poland,2017,5.98,,
ESTAT:ENV_WASELEE$DEFAULTVIEW(1.0),01/03/22 11:00:00,Annual,Total waste,Waste collected from households,Kilograms per capita,Poland,2018,0,,
ESTAT:ENV_WASELEE$DEFAULTVIEW(1.0),01/03/22 11:00:00,Annual,Total waste,Waste collected from households,Kilograms per capita,Portugal,2009,4.23,,
ESTAT:ENV_WASELEE$DEFAULTVIEW(1.0),01/03/22 11:00:00,Annual,Total waste,Waste collected from households,Kilograms per capita,Portugal,2010,4.41,,
ESTAT:ENV_WASELEE$DEFAULTVIEW(1.0),01/03/22 11:00:00,Annual,Total waste,Waste collected from households,Kilograms per capita,Portugal,2011,5.53,,
ESTAT:ENV_WASELEE$DEFAULTVIEW(1.0),01/03/22 11:00:00,Annual,Total waste,Waste collected from households,Kilograms per capita,Portugal,2012,4.06,,
ESTAT:ENV_WASELEE$DEFAULTVIEW(1.0),01/03/22 11:00:00,Annual,Total waste,Waste collected from households,Kilograms per capita,Portugal,2013,4.74,,
ESTAT:ENV_WASELEE$DEFAULTVIEW(1.0),01/03/22 11:00:00,Annual,Total waste,Waste collected from households,Kilograms per capita,Portugal,2014,5.77,,
ESTAT:ENV_WASELEE$DEFAULTVIEW(1.0),01/03/22 11:00:00,Annual,Total waste,Waste collected from households,Kilograms per capita,Portugal,2015,6.17,,
ESTAT:ENV_WASELEE$DEFAULTVIEW(1.0),01/03/22 11:00:00,Annual,Total waste,Waste collected from households,Kilograms per capita,Portugal,2016,0,,
ESTAT:ENV_WASELEE$DEFAULTVIEW(1.0),01/03/22 11:00:00,Annual,Total waste,Waste collected from households,Kilograms per capita,Portugal,2017,0,,
ESTAT:ENV_WASELEE$DEFAULTVIEW(1.0),01/03/22 11:00:00,Annual,Total waste,Waste collected from households,Kilograms per capita,Portugal,2018,6.49,,
ESTAT:ENV_WASELEE$DEFAULTVIEW(1.0),01/03/22 11:00:00,Annual,Total waste,Waste collected from households,Kilograms per capita,Romania,2009,1.66,,
ESTAT:ENV_WASELEE$DEFAULTVIEW(1.0),01/03/22 11:00:00,Annual,Total waste,Waste collected from households,Kilograms per capita,Romania,2010,1.15,,
ESTAT:ENV_WASELEE$DEFAULTVIEW(1.0),01/03/22 11:00:00,Annual,Total waste,Waste collected from households,Kilograms per capita,Romania,2011,0.96,,
ESTAT:ENV_WASELEE$DEFAULTVIEW(1.0),01/03/22 11:00:00,Annual,Total waste,Waste collected from households,Kilograms per capita,Romania,2012,1.04,,
ESTAT:ENV_WASELEE$DEFAULTVIEW(1.0),01/03/22 11:00:00,Annual,Total waste,Waste collected from households,Kilograms per capita,Romania,2013,1.55,,
ESTAT:ENV_WASELEE$DEFAULTVIEW(1.0),01/03/22 11:00:00,Annual,Total waste,Waste collected from households,Kilograms per capita,Romania,2014,1.5,,
ESTAT:ENV_WASELEE$DEFAULTVIEW(1.0),01/03/22 11:00:00,Annual,Total waste,Waste collected from households,Kilograms per capita,Romania,2015,1.79,,
ESTAT:ENV_WASELEE$DEFAULTVIEW(1.0),01/03/22 11:00:00,Annual,Total waste,Waste collected from households,Kilograms per capita,Romania,2016,2.19,,
ESTAT:ENV_WASELEE$DEFAULTVIEW(1.0),01/03/22 11:00:00,Annual,Total waste,Waste collected from households,Kilograms per capita,Romania,2017,2.3,,
ESTAT:ENV_WASELEE$DEFAULTVIEW(1.0),01/03/22 11:00:00,Annual,Total waste,Waste collected from households,Kilograms per capita,Romania,2018,2.49,,
ESTAT:ENV_WASELEE$DEFAULTVIEW(1.0),01/03/22 11:00:00,Annual,Total waste,Waste collected from households,Kilograms per capita,Sweden,2009,15.39,,
ESTAT:ENV_WASELEE$DEFAULTVIEW(1.0),01/03/22 11:00:00,Annual,Total waste,Waste collected from households,Kilograms per capita,Sweden,2010,15.88,,
ESTAT:ENV_WASELEE$DEFAULTVIEW(1.0),01/03/22 11:00:00,Annual,Total waste,Waste collected from households,Kilograms per capita,Sweden,2011,17.65,,
ESTAT:ENV_WASELEE$DEFAULTVIEW(1.0),01/03/22 11:00:00,Annual,Total waste,Waste collected from households,Kilograms per capita,Sweden,2012,16.58,,
ESTAT:ENV_WASELEE$DEFAULTVIEW(1.0),01/03/22 11:00:00,Annual,Total waste,Waste collected from households,Kilograms per capita,Sweden,2013,17.31,,
ESTAT:ENV_WASELEE$DEFAULTVIEW(1.0),01/03/22 11:00:00,Annual,Total waste,Waste collected from households,Kilograms per capita,Sweden,2014,13.63,,
ESTAT:ENV_WASELEE$DEFAULTVIEW(1.0),01/03/22 11:00:00,Annual,Total waste,Waste collected from households,Kilograms per capita,Sweden,2015,12.2,,
ESTAT:ENV_WASELEE$DEFAULTVIEW(1.0),01/03/22 11:00:00,Annual,Total waste,Waste collected from households,Kilograms per capita,Sweden,2016,13.97,,
ESTAT:ENV_WASELEE$DEFAULTVIEW(1.0),01/03/22 11:00:00,Annual,Total waste,Waste collected from households,Kilograms per capita,Sweden,2017,12.25,,
ESTAT:ENV_WASELEE$DEFAULTVIEW(1.0),01/03/22 11:00:00,Annual,Total waste,Waste collected from households,Kilograms per capita,Sweden,2018,12.16,,
ESTAT:ENV_WASELEE$DEFAULTVIEW(1.0),01/03/22 11:00:00,Annual,Total waste,Waste collected from households,Kilograms per capita,Slovenia,2009,3.82,,
ESTAT:ENV_WASELEE$DEFAULTVIEW(1.0),01/03/22 11:00:00,Annual,Total waste,Waste collected from households,Kilograms per capita,Slovenia,2010,4.03,,
ESTAT:ENV_WASELEE$DEFAULTVIEW(1.0),01/03/22 11:00:00,Annual,Total waste,Waste collected from households,Kilograms per capita,Slovenia,2011,4.38,,
ESTAT:ENV_WASELEE$DEFAULTVIEW(1.0),01/03/22 11:00:00,Annual,Total waste,Waste collected from households,Kilograms per capita,Slovenia,2012,4.3,,
ESTAT:ENV_WASELEE$DEFAULTVIEW(1.0),01/03/22 11:00:00,Annual,Total waste,Waste collected from households,Kilograms per capita,Slovenia,2013,3.88,,
ESTAT:ENV_WASELEE$DEFAULTVIEW(1.0),01/03/22 11:00:00,Annual,Total waste,Waste collected from households,Kilograms per capita,Slovenia,2014,4.1,,
ESTAT:ENV_WASELEE$DEFAULTVIEW(1.0),01/03/22 11:00:00,Annual,Total waste,Waste collected from households,Kilograms per capita,Slovenia,2015,4.41,,
ESTAT:ENV_WASELEE$DEFAULTVIEW(1.0),01/03/22 11:00:00,Annual,Total waste,Waste collected from households,Kilograms per capita,Slovenia,2016,6.37,i,
ESTAT:ENV_WASELEE$DEFAULTVIEW(1.0),01/03/22 11:00:00,Annual,Total waste,Waste collected from households,Kilograms per capita,Slovenia,2017,5.87,,
ESTAT:ENV_WASELEE$DEFAULTVIEW(1.0),01/03/22 11:00:00,Annual,Total waste,Waste collected from households,Kilograms per capita,Slovenia,2018,6.21,,
ESTAT:ENV_WASELEE$DEFAULTVIEW(1.0),01/03/22 11:00:00,Annual,Total waste,Waste collected from households,Kilograms per capita,Slovakia,2009,4.07,,
ESTAT:ENV_WASELEE$DEFAULTVIEW(1.0),01/03/22 11:00:00,Annual,Total waste,Waste collected from households,Kilograms per capita,Slovakia,2010,3.96,,
ESTAT:ENV_WASELEE$DEFAULTVIEW(1.0),01/03/22 11:00:00,Annual,Total waste,Waste collected from households,Kilograms per capita,Slovakia,2011,4.25,,
ESTAT:ENV_WASELEE$DEFAULTVIEW(1.0),01/03/22 11:00:00,Annual,Total waste,Waste collected from households,Kilograms per capita,Slovakia,2012,3.99,,
ESTAT:ENV_WASELEE$DEFAULTVIEW(1.0),01/03/22 11:00:00,Annual,Total waste,Waste collected from households,Kilograms per capita,Slovakia,2013,3.92,,
ESTAT:ENV_WASELEE$DEFAULTVIEW(1.0),01/03/22 11:00:00,Annual,Total waste,Waste collected from households,Kilograms per capita,Slovakia,2014,3.89,,
ESTAT:ENV_WASELEE$DEFAULTVIEW(1.0),01/03/22 11:00:00,Annual,Total waste,Waste collected from households,Kilograms per capita,Slovakia,2015,4.01,,
ESTAT:ENV_WASELEE$DEFAULTVIEW(1.0),01/03/22 11:00:00,Annual,Total waste,Waste collected from households,Kilograms per capita,Slovakia,2016,4.7,,
ESTAT:ENV_WASELEE$DEFAULTVIEW(1.0),01/03/22 11:00:00,Annual,Total waste,Waste collected from households,Kilograms per capita,Slovakia,2017,5.01,,
ESTAT:ENV_WASELEE$DEFAULTVIEW(1.0),01/03/22 11:00:00,Annual,Total waste,Waste collected from households,Kilograms per capita,Slovakia,2018,5.39,,
ESTAT:ENV_WASELEE$DEFAULTVIEW(1.0),01/03/22 11:00:00,Annual,Total waste,Waste collected from households,Kilograms per capita,United Kingdom,2009,7.35,,
ESTAT:ENV_WASELEE$DEFAULTVIEW(1.0),01/03/22 11:00:00,Annual,Total waste,Waste collected from households,Kilograms per capita,United Kingdom,2010,7.38,,
ESTAT:ENV_WASELEE$DEFAULTVIEW(1.0),01/03/22 11:00:00,Annual,Total waste,Waste collected from households,Kilograms per capita,United Kingdom,2011,7.89,,
ESTAT:ENV_WASELEE$DEFAULTVIEW(1.0),01/03/22 11:00:00,Annual,Total waste,Waste collected from households,Kilograms per capita,United Kingdom,2012,7.67,,
ESTAT:ENV_WASELEE$DEFAULTVIEW(1.0),01/03/22 11:00:00,Annual,Total waste,Waste collected from households,Kilograms per capita,United Kingdom,2013,7.4,,
ESTAT:ENV_WASELEE$DEFAULTVIEW(1.0),01/03/22 11:00:00,Annual,Total waste,Waste collected from households,Kilograms per capita,United Kingdom,2014,7.86,d,
ESTAT:ENV_WASELEE$DEFAULTVIEW(1.0),01/03/22 11:00:00,Annual,Total waste,Waste collected from households,Kilograms per capita,United Kingdom,2015,10.06,,
ESTAT:ENV_WASELEE$DEFAULTVIEW(1.0),01/03/22 11:00:00,Annual,Total waste,Waste collected from households,Kilograms per capita,United Kingdom,2016,14.66,,
ESTAT:ENV_WASELEE$DEFAULTVIEW(1.0),01/03/22 11:00:00,Annual,Total waste,Waste collected from households,Kilograms per capita,United Kingdom,2017,13.04,,
ESTAT:ENV_WASELEE$DEFAULTVIEW(1.0),01/03/22 11:00:00,Annual,Total waste,Waste collected from households,Kilograms per capita,United Kingdom,2018,12.16,,
