"DATASET","SERIES_CODE","OBS_MEASURE","2010","2011","2012","2013","2014","2015","2016","2017","2018","2019","2020","2021","2022","2023","2024"
"IMF.STA:ESG_FINANCE(2.0.3)","MEX.SSSBI_USD.A","OBS_VALUE","","","","","","","","","","","0.784346534","1.307244224","6.684615339","4.068286579","5.718873317"
"IMF.STA:ESG_FINANCE(2.0.3)","MUS.SBI_USD.A","OBS_VALUE","","","","","","","","","","0.34","","","0.3","","0.6"
"IMF.STA:ESG_FINANCE(2.0.3)","BEL.SGBIC_USD.A","OBS_VALUE","","","","","","","","","12.39267525","","","","8.162432938","",""
"IMF.STA:ESG_FINANCE(2.0.3)","LIE.GBI_USD.A","OBS_VALUE","","","","","","","","","","0.111395789","0.111395789","0.627477227","","",""
"IMF.STA:ESG_FINANCE(2.0.3)","KEN.GBI_USD.A","OBS_VALUE","","","","","","","","","","0.00609775","","","","",""
"IMF.STA:ESG_FINANCE(2.0.3)","BEN.SBI_USD.A","OBS_VALUE","","","","","","","","","","","0.638880438","","0.375239168","",""
"IMF.STA:ESG_FINANCE(2.0.3)","USA.SUBI_USD.A","OBS_VALUE","","","","","","0.1","0.682742502","8.637728704","24.89513643","39.74981325","111.0237522","90.22548577","58.964819","61.11973321","76.49532903"
"IMF.STA:ESG_FINANCE(2.0.3)","CIV.SSSBI_USD.A","OBS_VALUE","","","","","","","","","","","","","","","2.2"
"IMF.STA:ESG_FINANCE(2.0.3)","IND.SUBI_USD.A","OBS_VALUE","","","","","","","","","","","","1.2","","2","0.75"
"IMF.STA:ESG_FINANCE(2.0.3)","MNG.SBI_USD.A","OBS_VALUE","","","","","","","","","","","","","","","0.01"
"IMF.STA:ESG_FINANCE(2.0.3)","PHL.SULBI_USD.A","OBS_VALUE","","","","","","","","","","0.112316837","","","","","0.962468896"
"IMF.STA:ESG_FINANCE(2.0.3)","CHN.SBI_USD.A","OBS_VALUE","","","","","","","","","0.413964967","0.412671161","2.72984708","1.554609498","0.179277073","0.550881726","1.05516372"
"IMF.STA:ESG_FINANCE(2.0.3)","NAM.SUBI_USD.A","OBS_VALUE","","","","","","","","","","","","0.012325234","","",""
"IMF.STA:ESG_FINANCE(2.0.3)","NLD.SBI_USD.A","OBS_VALUE","","","","","","0.683081644","1.032695127","4.042278945","2.511270929","4.110408619","7.313132745","6.996371088","6.392673096","11.53014614","14.47910048"
"IMF.STA:ESG_FINANCE(2.0.3)","ISL.SSBI_USD.A","OBS_VALUE","","","","","","","","","","","","","","","0.052289768"
"IMF.STA:ESG_FINANCE(2.0.3)","CHN.GBI_USD.A","OBS_VALUE","","","","","0.138077682","0.982380239","28.21484995","28.83239965","28.64422309","39.95564925","27.03166019","70.69810323","95.97929533","85.89542669","64.71953397"
"IMF.STA:ESG_FINANCE(2.0.3)","CHN.SULBI_USD.A","OBS_VALUE","","","","","","","","","","","","4.667167851","7.254569381","3.696892832","4.633383193"
"IMF.STA:ESG_FINANCE(2.0.3)","ESP.SUBI_USD.A","OBS_VALUE","","","","","","","0.524548887","0.87601976","2.340490057","1.987011219","3.388377026","4.91523828","3.268110558","3.451124749","3.733804925"
"IMF.STA:ESG_FINANCE(2.0.3)","POL.SBI_USD.A","OBS_VALUE","","","","","","","","","","","","0.922897689","","",""
"IMF.STA:ESG_FINANCE(2.0.3)","NLD.SUBI_USD.A","OBS_VALUE","","","","0.524548887","","0.680448006","1.615648335","2.270129637","1.832121534","1.702956427","3.373704698","4.919089298","4.712800994","0.261448844","1.045795379"
"IMF.STA:ESG_FINANCE(2.0.3)","MNG.GBI_USD.A","OBS_VALUE","","","","","","","","","","","","","","","0.04"
"IMF.STA:ESG_FINANCE(2.0.3)","UZB.GBI_USD.A","OBS_VALUE","","","","","","","","","","","","","","0.659937888","0.908292532"
"IMF.STA:ESG_FINANCE(2.0.3)","LUX.SUBI_USD.A","OBS_VALUE","","","","","","","","0.025","1.934721452","0.205801741","6.302639988","7.967628283","5.633568625","1.948852243","2.468033229"
"IMF.STA:ESG_FINANCE(2.0.3)","COL.GBI_USD.A","OBS_VALUE","","","","","","","","0.046053767","0.11396548","","0.15672068","3.638470491","0.049004492","",""
"IMF.STA:ESG_FINANCE(2.0.3)","PHL.SBI_USD.A","OBS_VALUE","","","","","","","","0.074620011","0.042194092","0.047044654","9.056440701","2.081887291","5.00570951","3.996948789","1.709298849"
"IMF.STA:ESG_FINANCE(2.0.3)","KOR.SUBI_USD.A","OBS_VALUE","","","","","","","","","1.631712084","11.41863035","7.246399919","19.04177591","11.48979126","5.862059407","5.794979806"
"IMF.STA:ESG_FINANCE(2.0.3)","ESP.SULBI_USD.A","OBS_VALUE","","","","","","","","","","","0.018824316","0.051015968","","0.627477227",""
"IMF.STA:ESG_FINANCE(2.0.3)","MAC.GBI_USD.A","OBS_VALUE","","","","","","","","","","1.080729826","0.483691533","1.03597691","1","",""
"IMF.STA:ESG_FINANCE(2.0.3)","FIN.GBI_USD.A","OBS_VALUE","0.241508848","0.094151986","0.047044654","0.228554026","0.55443584","0.827971093","3.024749905","2.237908931","0.65898729","3.60786826","2.995009498","4.990887419","6.419266302","8.621063921","8.513847406"
"IMF.STA:ESG_FINANCE(2.0.3)","IDN.SBI_USD.A","OBS_VALUE","","","","","","","","","","","","","","0.042879019","0.653420077"
"IMF.STA:ESG_FINANCE(2.0.3)","MHL.SULBI_USD.A","OBS_VALUE","","","","","","","","","","","","0.5","","",""
"IMF.STA:ESG_FINANCE(2.0.3)","VEN.GBI_USD.A","OBS_VALUE","","","","","","","","","0.112098448","0.784346534","0.389885262","","0.389885262","0.250560467",""
"IMF.STA:ESG_FINANCE(2.0.3)","FRA.SUBI_USD.A","OBS_VALUE","","","","","0.627477227","0.522897689","0.679766996","0.90755221","0.732056764","1.585074647","3.974022439","8.982957871","11.12109167","10.0821888","6.009762028"
"IMF.STA:ESG_FINANCE(2.0.3)","PER.SSSBI_USD.A","OBS_VALUE","","","","","","","","","","","","3.25","","10.93237015",""
"IMF.STA:ESG_FINANCE(2.0.3)","POL.SUBI_USD.A","OBS_VALUE","","","","","","","","","","","","0.189174191","","0.479241285",""
"IMF.STA:ESG_FINANCE(2.0.3)","LVA.SUBI_USD.A","OBS_VALUE","","","","","","","","","","","","0.627477227","","",""
"IMF.STA:ESG_FINANCE(2.0.3)","BEL.SUBI_USD.A","OBS_VALUE","","","","","","","0.057750057","","0.522897689","2.300749833","2.426245279","1.969155252","1.830141913","1.568693069","1.699417491"
"IMF.STA:ESG_FINANCE(2.0.3)","BEN.SSSBI_USD.A","OBS_VALUE","","","","","","","","","","","","1.045795378","","",""
"IMF.STA:ESG_FINANCE(2.0.3)","MEX.SUBI_USD.A","OBS_VALUE","","","","","","","","0.610978755","0.125428711","0.270103094","0.80394477","6.528340234","12.93008505","8.416138738","10.75391853"
"IMF.STA:ESG_FINANCE(2.0.3)","CHL.SSLBI_USD.A","OBS_VALUE","","","","","","","","","","","","","2","8.84273558",""
"IMF.STA:ESG_FINANCE(2.0.3)","PHL.GBI_USD.A","OBS_VALUE","0.769075804","","0.014366736","0.058941038","","0.502338831","1.3","1.499270573","1.943137475","3.590743005","0.533912415","1.873705376","0.231502334","0.144495003","2.790655644"
"IMF.STA:ESG_FINANCE(2.0.3)","ESP.GBI_USD.A","OBS_VALUE","","","","","1.15427155","","3.487379557","6.181060486","4.020036281","7.230203609","9.647151136","29.72903122","13.25599792","11.80082065","12.64332435"
"IMF.STA:ESG_FINANCE(2.0.3)","JEY.SULBI_USD.A","OBS_VALUE","","","","","","","","","","","","","","0.679766996","1.471464834"
"IMF.STA:ESG_FINANCE(2.0.3)","LUX.SULBI_USD.A","OBS_VALUE","","","","","","","","","","","2.823647524","15.48563929","3.826022071","2.384346534","0.3"
"IMF.STA:ESG_FINANCE(2.0.3)","LUX.SBI_USD.A","OBS_VALUE","","","","","","","","","","0.182549512","1.148625243","0.030458908","0.078215937","0.001911001",""
"IMF.STA:ESG_FINANCE(2.0.3)","URY.SSLBI_USD.A","OBS_VALUE","","","","","","","","","","","","","2.199975998","",""
"IMF.STA:ESG_FINANCE(2.0.3)","MUS.SUBI_USD.A","OBS_VALUE","","","","","","","","","","","","","","0.176",""
"IMF.STA:ESG_FINANCE(2.0.3)","NGA.GBI_USD.A","OBS_VALUE","","","","","","","","0.007088671","","0.018944918","0.167093683","0.000598483","0.05","",""
"IMF.STA:ESG_FINANCE(2.0.3)","BEL.SBI_USD.A","OBS_VALUE","","","","","","","","","","","47.58368977","48.90831951","10.76442557","4.166982765","2.363497556"
"IMF.STA:ESG_FINANCE(2.0.3)","NLD.GBI_USD.A","OBS_VALUE","","","","","1.701120016","4.792143809","7.22888396","10.32193931","11.16165883","28.27127157","24.71991921","33.25228871","32.05424076","38.22644881","29.24227101"
"IMF.STA:ESG_FINANCE(2.0.3)","KOR.SSSBI_USD.A","OBS_VALUE","","","","","","","","","","0.5","","","","",""
"IMF.STA:ESG_FINANCE(2.0.3)","IDN.GBI_USD.A","OBS_VALUE","","","","","","","","","2.530712529","1.592018909","1.841711755","1.815159155","6.113564992","3.86748972","6.175553343"
"IMF.STA:ESG_FINANCE(2.0.3)","IND.SULBI_USD.A","OBS_VALUE","","","","","","","","","","","","2.4","0.8","",""
"IMF.STA:ESG_FINANCE(2.0.3)","NGA.SGBIC_USD.A","OBS_VALUE","","","","","","","","0.007088671","","0.010003201","","","","",""
"IMF.STA:ESG_FINANCE(2.0.3)","BEN.SUBI_USD.A","OBS_VALUE","","","","","","","","","","","","1.045795378","","",""
"IMF.STA:ESG_FINANCE(2.0.3)","KOR.SGBIC_USD.A","OBS_VALUE","","","","","","","","","","","","0.732056765","","",""
"IMF.STA:ESG_FINANCE(2.0.3)","FIN.SUBI_USD.A","OBS_VALUE","","","","","","","","","","","","0.104579537","","",""
"IMF.STA:ESG_FINANCE(2.0.3)","KAZ.SUBI_USD.A","OBS_VALUE","","","","","","","","","","","","","","","0.397051745"
"IMF.STA:ESG_FINANCE(2.0.3)","JPN.SBI_USD.A","OBS_VALUE","","","","","","","0.233910311","0.434404862","1.282015194","2.684663061","5.921640982","7.947619272","12.85063772","19.03009919","18.74562974"
"IMF.STA:ESG_FINANCE(2.0.3)","KOR.SULBI_USD.A","OBS_VALUE","","","","","","","","","","","","","","2.153448358","0.10478769"
"IMF.STA:ESG_FINANCE(2.0.3)","NER.SBI_USD.A","OBS_VALUE","","","","","","","","","","","0.352264902","0.782675322","0.488790921","",""
"IMF.STA:ESG_FINANCE(2.0.3)","NZL.SUBI_USD.A","OBS_VALUE","","","","","","","","","1.922900306","0.769160122","1.205400191","0.086100013","0.516600082","",""
"IMF.STA:ESG_FINANCE(2.0.3)","USA.SBI_USD.A","OBS_VALUE","","","1.7","0.059216146","0.541172365","0.031348047","","1.031406105","1.059272326","1.019187879","9.889720799","6.566833308","5.550925932","2.933355206","4.148881565"
"IMF.STA:ESG_FINANCE(2.0.3)","IND.SGBIC_USD.A","OBS_VALUE","","","","","","","","","","","","","","3.003280504","3.661391442"
"IMF.STA:ESG_FINANCE(2.0.3)","MHL.GBI_USD.A","OBS_VALUE","","","","","","","","","","0.2","","1.5","","",""
"IMF.STA:ESG_FINANCE(2.0.3)","CIV.SUBI_USD.A","OBS_VALUE","","","","","","","","","","","","","","","2.95"
"IMF.STA:ESG_FINANCE(2.0.3)","JPN.SUBI_USD.A","OBS_VALUE","","","","","","","","1","0.732056765","0.329060906","4.444527164","9.955775772","7.775587645","10.01220828","8.052712211"
"IMF.STA:ESG_FINANCE(2.0.3)","FRA.SGBIC_USD.A","OBS_VALUE","","","","","","","","36.71787578","","","","24.96313571","7.413643446","","10.37115278"
"IMF.STA:ESG_FINANCE(2.0.3)","URY.SULBI_USD.A","OBS_VALUE","","","","","","","","","","","","","2.199975998","",""
"IMF.STA:ESG_FINANCE(2.0.3)","JPN.GBI_USD.A","OBS_VALUE","","","","","0.262348755","0.814818507","1.066983722","1.322854849","3.599659806","6.763790152","7.617034767","15.41593582","22.40842657","24.87488561","36.30246976"
"IMF.STA:ESG_FINANCE(2.0.3)","MEX.SULBI_USD.A","OBS_VALUE","","","","","","","","","","","","9.661308381","1.937468931","4.633818004",""
"IMF.STA:ESG_FINANCE(2.0.3)","UZB.SGBIC_USD.A","OBS_VALUE","","","","","","","","","","","","","","0.659937888",""
"IMF.STA:ESG_FINANCE(2.0.3)","FRA.SBI_USD.A","OBS_VALUE","","","0.680458432","","","","","0.948098122","3.020319046","2.436866054","52.46756111","80.39943596","57.95346379","46.91755979","27.01638531"
"IMF.STA:ESG_FINANCE(2.0.3)","MEX.SBI_USD.A","OBS_VALUE","","","","","","","","0.195780921","","0.230955771","0.147224812","1.007447704","1.557808344","1.46496815","0.867191169"
"IMF.STA:ESG_FINANCE(2.0.3)","NZL.GBI_USD.A","OBS_VALUE","","","0.028269989","0.086829951","0.124941609","0.088289826","0.084809969","0.215032363","0.360610288","0.632859974","0.617050096","1.439248144","6.583532904","1.442566458","1.268120983"
"IMF.STA:ESG_FINANCE(2.0.3)","JEY.GBI_USD.A","OBS_VALUE","","","","","","","","","","1.044495508","0.23","0.366028382","","",""
"IMF.STA:ESG_FINANCE(2.0.3)","USA.SULBI_USD.A","OBS_VALUE","","","","","","","","","","","1.8","13.10289769","13.82","3.097908",""
"IMF.STA:ESG_FINANCE(2.0.3)","PHL.SSSBI_USD.A","OBS_VALUE","","","","","","","","","","","","","2.219356507","1.25","1.9"
"IMF.STA:ESG_FINANCE(2.0.3)","IND.GBI_USD.A","OBS_VALUE","","","","","","0.721164751","0.687070514","2.022929623","","3.53225286","0.934276147","4.609817069","1.229101575","4.660998933","9.109669136"
"IMF.STA:ESG_FINANCE(2.0.3)","CIV.SBI_USD.A","OBS_VALUE","","","","","","","0.05","0.6560563","1.325437474","0.134492326","3.354561674","0.862093937","1.613206818","0.378897912","4.163693805"
"IMF.STA:ESG_FINANCE(2.0.3)","LUX.GBI_USD.A","OBS_VALUE","0.305852661","","0.557479158","3.43224548","6.024796731","3.377571738","7.686361525","7.102313132","7.928896231","8.263299601","12.52630761","18.05902385","19.57232586","14.26209585","28.88388337"
"IMF.STA:ESG_FINANCE(2.0.3)","LVA.SSSBI_USD.A","OBS_VALUE","","","","","","","","","","","","0.627477227","","",""
"IMF.STA:ESG_FINANCE(2.0.3)","LTU.SULBI_USD.A","OBS_VALUE","","","","","","","","","","","","","0.078434653","",""
"IMF.STA:ESG_FINANCE(2.0.3)","G001.SUBOI_USD.A","OBS_VALUE","0.052874803","0.052874803","0.052874803","0.57742369","1.830313102","3.949451871","9.538891811","27.20197778","68.33262332","146.0421385","318.1666691","539.8981977","703.3808958","853.1308114","1004.118085"
"IMF.STA:ESG_FINANCE(2.0.3)","ROU.SUBI_USD.A","OBS_VALUE","","","","","","","","","","","","","0.276536664","0.873477837","0.732056765"
"IMF.STA:ESG_FINANCE(2.0.3)","BEL.GBI_USD.A","OBS_VALUE","","","","","","","","","12.91767577","","1.37694713","22.40627058","50.10719402","4.251240772","22.56303531"
"IMF.STA:ESG_FINANCE(2.0.3)","LVA.GBI_USD.A","OBS_VALUE","","","","","","0.1036205","0.025905125","0.020985918","","","","0.156869305","0.104579537","0.052289768",""
"IMF.STA:ESG_FINANCE(2.0.3)","CHL.SSSBI_USD.A","OBS_VALUE","","","","","","","","","","","","5.092373592","5.061244415","",""
"IMF.STA:ESG_FINANCE(2.0.3)","NLD.SULBI_USD.A","OBS_VALUE","","","","","","","","","","5.61148943","0.63149652","23.17114918","25.44757943","6.015238279","6.875937291"
"IMF.STA:ESG_FINANCE(2.0.3)","UZB.SUBI_USD.A","OBS_VALUE","","","","","","","","","","","","0.387236678","","","2.404333334"
"IMF.STA:ESG_FINANCE(2.0.3)","CHL.SSBI_USD.A","OBS_VALUE","","","","","","","","","","","1.697991063","14.35800543","","5.462416029","7.327241129"
"IMF.STA:ESG_FINANCE(2.0.3)","NAM.GBI_USD.A","OBS_VALUE","","","","","","","","","0.003583548","","","","","",""
"IMF.STA:ESG_FINANCE(2.0.3)","JPN.SGBIC_USD.A","OBS_VALUE","","","","","","","","","","","","","","","20.08372965"
"IMF.STA:ESG_FINANCE(2.0.3)","JOR.SUBI_USD.A","OBS_VALUE","","","","","","","","","","","","","","0.25",""
"IMF.STA:ESG_FINANCE(2.0.3)","LUX.SSSBI_USD.A","OBS_VALUE","","","","","","","","","","","1.568693069","","","",""
"IMF.STA:ESG_FINANCE(2.0.3)","BLR.SGBIC_USD.A","OBS_VALUE","","","","","","","","","","","","","0.056388539","",""
"IMF.STA:ESG_FINANCE(2.0.3)","LTU.SGBIC_USD.A","OBS_VALUE","","","","","","","","","0.071114085","","","","","",""
"IMF.STA:ESG_FINANCE(2.0.3)","FRA.SULBI_USD.A","OBS_VALUE","","","","","","","","","","","0.921071956","11.80320244","9.714152563","7.148011409","3.10318235"
"IMF.STA:ESG_FINANCE(2.0.3)","CIV.SSBI_USD.A","OBS_VALUE","","","","","","","","","","","","0.043729903","","",""
"IMF.STA:ESG_FINANCE(2.0.3)","MAR.GBI_USD.A","OBS_VALUE","","","","","","","","0.013378257","","","","","0.104316056","",""
"IMF.STA:ESG_FINANCE(2.0.3)","FRA.GBI_USD.A","OBS_VALUE","","","0.599701466","2.002067165","5.563596238","8.275608843","5.119763873","51.69713524","10.49436602","28.52207488","29.10483316","56.06808641","30.33147418","31.35540105","36.0352889"
"IMF.STA:ESG_FINANCE(2.0.3)","UZB.SSSBI_USD.A","OBS_VALUE","","","","","","","","","","","","0.387236678","","","1.254954454"
"IMF.STA:ESG_FINANCE(2.0.3)","LTU.GBI_USD.A","OBS_VALUE","","","","","","","","0.313738613","0.384852698","","","0.036602838","","",""
"IMF.STA:ESG_FINANCE(2.0.3)","PHL.SUBI_USD.A","OBS_VALUE","","","","","","","","","","0.872398912","0.905015227","0.306505162","3.378305893","1.258897023","4.275549861"
"IMF.STA:ESG_FINANCE(2.0.3)","JPN.SULBI_USD.A","OBS_VALUE","","","","","","","","","","","0.133967444","0.736820947","2.773050013","3.892634298","3.307123501"
"IMF.STA:ESG_FINANCE(2.0.3)","BEN.SSBI_USD.A","OBS_VALUE","","","","","","","","","","","0.638880438","","0.375239168","",""
"IMF.STA:ESG_FINANCE(2.0.3)","MUS.GBI_USD.A","OBS_VALUE","","","","","","","1","1.95","","2.770202","0.65","6.042","2.3","1.05",""
"IMF.STA:ESG_FINANCE(2.0.3)","NOR.GBI_USD.A","OBS_VALUE","0.132114809","0.02581152","","1","0.327977456","2.30640757","1.194603009","0.748014914","3.176212296","5.345785172","6.33040032","13.22531286","16.0693334","15.10337145","13.20231337"
"IMF.STA:ESG_FINANCE(2.0.3)","NZL.SULBI_USD.A","OBS_VALUE","","","","","","","","","","","","","0.057400009","",""
"IMF.STA:ESG_FINANCE(2.0.3)","ESP.SBI_USD.A","OBS_VALUE","","","","","","2.08399058","0.569295778","0.565043769","0.5190976","1.568195375","2.665251745","2.617790843","2.091590757","1.568693068","1.830141913"
"IMF.STA:ESG_FINANCE(2.0.3)","MEX.GBI_USD.A","OBS_VALUE","","","","","","1","4.230955771","8.755885084","0.388703865","0.122687343","1.689266591","0.493811855","0.575256823","2.73795991","1.743356388"
"IMF.STA:ESG_FINANCE(2.0.3)","IND.SBI_USD.A","OBS_VALUE","","","","","","","","","","","1","1.45","0.991083227","0.120204249","3.2"
"IMF.STA:ESG_FINANCE(2.0.3)","NZL.SGBIC_USD.A","OBS_VALUE","","","","","","","","","","","","","5.366900858","",""
"IMF.STA:ESG_FINANCE(2.0.3)","FIN.SBI_USD.A","OBS_VALUE","","","","","","","","","","","3.833420044","1.200544947","0.724637681","0.1","0.337265636"
"IMF.STA:ESG_FINANCE(2.0.3)","CHN.SUBI_USD.A","OBS_VALUE","","","","","","","","","","","9.5498444","11.4603889","10.42385965","9.409687548","16.46598157"
"IMF.STA:ESG_FINANCE(2.0.3)","JEY.SUBI_USD.A","OBS_VALUE","","","","","","","","","","","1.5","0.149030204","0.12","0.227192928",""
"IMF.STA:ESG_FINANCE(2.0.3)","NLD.SGBIC_USD.A","OBS_VALUE","","","","","","","","","","16.40891645","","","","9.676695495",""
"IMF.STA:ESG_FINANCE(2.0.3)","KAZ.GBI_USD.A","OBS_VALUE","","","","","","","","","","","","0.037576141","0.069219207","0.005933074",""
"IMF.STA:ESG_FINANCE(2.0.3)","KOR.SBI_USD.A","OBS_VALUE","","","","","","","","","1.350345497","2.249332068","11.56370448","22.84661149","25.6675335","32.5712251","31.34169741"
"IMF.STA:ESG_FINANCE(2.0.3)","ISL.SGBIC_USD.A","OBS_VALUE","","","","","","","","","","","","","","","0.784346534"
"IMF.STA:ESG_FINANCE(2.0.3)","CHN.SGBIC_USD.A","OBS_VALUE","","","","","","","","","","2.788229618","","","","",""
"IMF.STA:ESG_FINANCE(2.0.3)","MLT.GBI_USD.A","OBS_VALUE","","","","","","","","","","","","","","0.026144884",""
"IMF.STA:ESG_FINANCE(2.0.3)","LAO.GBI_USD.A","OBS_VALUE","","","","","","","","","","","","","0.250372799","0.104415273",""
"IMF.STA:ESG_FINANCE(2.0.3)","G001.SULBOI_USD.A","OBS_VALUE","","","","","","","","","","5.723806267","16.23354709","144.0721362","237.002986","302.3433646","344.655242"
"IMF.STA:ESG_FINANCE(2.0.3)","POL.SULBI_USD.A","OBS_VALUE","","","","","","","","","","","0.251787692","0.251787692","","0.878739047",""
"IMF.STA:ESG_FINANCE(2.0.3)","FIN.SULBI_USD.A","OBS_VALUE","","","","","","","","","","","","","0.643164157","1.254954451","0.062747722"
"IMF.STA:ESG_FINANCE(2.0.3)","NER.SSBI_USD.A","OBS_VALUE","","","","","","","","","","","0.352264902","0.782675322","0.488790921","",""
"IMF.STA:ESG_FINANCE(2.0.3)","POL.GBI_USD.A","OBS_VALUE","","","","","","","0.784346534","","1.045795379","2.310704305","0.248416345","1.225274034","0.522897689","1.485628008","2.541881328"
"IMF.STA:ESG_FINANCE(2.0.3)","CHL.SUBI_USD.A","OBS_VALUE","","","","","","","","","0.061296","2.04105224","","6.942373592","5.061244415","0.531372946",""
"IMF.STA:ESG_FINANCE(2.0.3)","SEN.SSBI_USD.A","OBS_VALUE","","","","","","","","","","","0.495396537","0.690287614","1.186265421","",""
"IMF.STA:ESG_FINANCE(2.0.3)","DEU.SULBI_USD.A","OBS_VALUE","","","","","","","","","","","","4.145348022","2.039300988","2.562859156","6.083181512"
"IMF.STA:ESG_FINANCE(2.0.3)","RUS.SUBI_USD.A","OBS_VALUE","","","","","","","","","","","","","","0.033900028",""
"IMF.STA:ESG_FINANCE(2.0.3)","COL.SUBI_USD.A","OBS_VALUE","","","","","","","","","","0.095468286","","","","0.8","0.069204169"
"IMF.STA:ESG_FINANCE(2.0.3)","ARE.SBI_USD.A","OBS_VALUE","","","","","","","","","","","","","","","0.6"
"IMF.STA:ESG_FINANCE(2.0.3)","COL.SBI_USD.A","OBS_VALUE","","","","","","","","","","","","0.707830111","0.145458351","3.945776843","0.008437563"
"IMF.STA:ESG_FINANCE(2.0.3)","HKG.SBI_USD.A","OBS_VALUE","","","","","","","","","0.385847127","","0.385514919","","1.440929629","2.562375565","3.556484429"
"IMF.STA:ESG_FINANCE(2.0.3)","AUT.SBI_USD.A","OBS_VALUE","","","","","","","","0.31971329","","","0.000136315","0.522897689","","",""
"IMF.STA:ESG_FINANCE(2.0.3)","TUR.SBI_USD.A","OBS_VALUE","","","","","","","","","0.075","","","","0.02","0.335434062","0.057"
"IMF.STA:ESG_FINANCE(2.0.3)","GEO.GBI_USD.A","OBS_VALUE","","","","","","","","","","","0.5","1","","","0.6"
"IMF.STA:ESG_FINANCE(2.0.3)","CHL.SULBI_USD.A","OBS_VALUE","","","","","","","","","","","","1","2","8.921128524",""
"IMF.STA:ESG_FINANCE(2.0.3)","PRT.GBI_USD.A","OBS_VALUE","","","","","","","","","","1.157138365","1.568693068","2.196170294","0.993505608","1.830141913","2.300749832"
"IMF.STA:ESG_FINANCE(2.0.3)","VGB.GBI_USD.A","OBS_VALUE","","","0.276590742","","","","0.4","0.5","2.605933627","1.463517927","1.423659618","5.580390519","3.271669278","1.32793829","2.641617528"
"IMF.STA:ESG_FINANCE(2.0.3)","TGO.SUBI_USD.A","OBS_VALUE","","","","","","","","","","","","2.268693068","","",""
"IMF.STA:ESG_FINANCE(2.0.3)","DEU.SUBI_USD.A","OBS_VALUE","","","","","0.314911037","0.784346534","1.665830207","1.908576567","2.117735643","8.517623355","3.100783299","4.764405711","3.660283828","2.98051683","1.307244224"
"IMF.STA:ESG_FINANCE(2.0.3)","AUS.SULBI_USD.A","OBS_VALUE","","","","","","","","","","","","2.632543428","0.095325249","0.228823575",""
"IMF.STA:ESG_FINANCE(2.0.3)","BRA.SULBI_USD.A","OBS_VALUE","","","","","","","","","","","","2.319555912","1.923013339","0.302928297",""
"IMF.STA:ESG_FINANCE(2.0.3)","CRI.SUBI_USD.A","OBS_VALUE","","","","","","","","","","","","0.01","","",""
"IMF.STA:ESG_FINANCE(2.0.3)","AUT.GBI_USD.A","OBS_VALUE","","","","","0.529190126","0.015957791","1.413826459","1.521003167","0.541771003","2.223137881","1.641511203","2.670297089","11.8784339","17.00470106","13.38602363"
"IMF.STA:ESG_FINANCE(2.0.3)","PRT.SUBI_USD.A","OBS_VALUE","","","","","","","","","","","","0.522897689","0.073205676","",""
"IMF.STA:ESG_FINANCE(2.0.3)","GRC.SULBI_USD.A","OBS_VALUE","","","","","","","","","","","","1.778264942","","",""
"IMF.STA:ESG_FINANCE(2.0.3)","QAT.SGBIC_USD.A","OBS_VALUE","","","","","","","","","","","","","","","5"
"IMF.STA:ESG_FINANCE(2.0.3)","CAN.SSBI_USD.A","OBS_VALUE","","","","","","","","","","","","","0.35161744","",""
"IMF.STA:ESG_FINANCE(2.0.3)","ECU.SSBI_USD.A","OBS_VALUE","","","","","","","","","","","0.8","","","",""
"IMF.STA:ESG_FINANCE(2.0.3)","TUR.SUBI_USD.A","OBS_VALUE","","","","","","","0.3","0.3","","","1.5","3.9","","4.197","7.088280241"
"IMF.STA:ESG_FINANCE(2.0.3)","RUS.SBI_USD.A","OBS_VALUE","","","","","","","","","","","","","0.226000192","0.169500144",""
"IMF.STA:ESG_FINANCE(2.0.3)","EGY.GBI_USD.A","OBS_VALUE","","","","","","","","","","","1.5","","","",""
"IMF.STA:ESG_FINANCE(2.0.3)","ROU.SGBIC_USD.A","OBS_VALUE","","","","","","","","","","","","","","","8.604232002"
"IMF.STA:ESG_FINANCE(2.0.3)","DEU.SBI_USD.A","OBS_VALUE","","","","","","","0.104970345","0.522897689","0.522897689","1.317702175","2.32166574","4.687843624","6.216958418","3.850934323","5.908743887"
"IMF.STA:ESG_FINANCE(2.0.3)","GBR.SULBI_USD.A","OBS_VALUE","","","","","","","","","","","0.627477226","8.531488608","1.680913158","0.378897912","0.847094257"
"IMF.STA:ESG_FINANCE(2.0.3)","TGO.SBI_USD.A","OBS_VALUE","","","","","","","","","","","0.28663446","0.70737869","0.469175701","",""
"IMF.STA:ESG_FINANCE(2.0.3)","HRV.GBI_USD.A","OBS_VALUE","","","","","","","","","","","","","","0.31896759","0.418318151"
"IMF.STA:ESG_FINANCE(2.0.3)","SWE.SBI_USD.A","OBS_VALUE","","","","","","","","","","","0.018817861","0.669615088","0.02446322","0.522897689","0.047044654"
"IMF.STA:ESG_FINANCE(2.0.3)","CHL.SBI_USD.A","OBS_VALUE","","","","","","","0.264767124","0.090512481","0.039308","0.04159604","1.764974785","14.42230584","0.1127432","5.496676013","8.010371713"
"IMF.STA:ESG_FINANCE(2.0.3)","EST.GBI_USD.A","OBS_VALUE","","","","","","0.0680448","","","","","","","","","4.601499669"
"IMF.STA:ESG_FINANCE(2.0.3)","TUR.GBI_USD.A","OBS_VALUE","","","","","","","","","","0.1","0.1","1.929028382","0.049736332","4.006742984","0.05"
"IMF.STA:ESG_FINANCE(2.0.3)","SWE.SUBI_USD.A","OBS_VALUE","","","","","","","0.063152956","","","0.036221385","0.269236692","0.12824131","0.588592244","0.241625273","0.042345856"
"IMF.STA:ESG_FINANCE(2.0.3)","ESP.SGBIC_USD.A","OBS_VALUE","","","","","","","","","","","","16.03113124","","",""
"IMF.STA:ESG_FINANCE(2.0.3)","CYM.SULBI_USD.A","OBS_VALUE","","","","","","","","","","","0.6","0.4","","1.2","0.137826476"
"IMF.STA:ESG_FINANCE(2.0.3)","AUT.SUBI_USD.A","OBS_VALUE","","","","","","","","","","0.522897689","","1.146110362","0.609015318","2.621592431","0.778817432"
"IMF.STA:ESG_FINANCE(2.0.3)","VGB.SBI_USD.A","OBS_VALUE","","","","","","","","","","","","","0.2","","0.110343305"
"IMF.STA:ESG_FINANCE(2.0.3)","TUR.SGBIC_USD.A","OBS_VALUE","","","","","","","","","","","","","","2.5",""
"IMF.STA:ESG_FINANCE(2.0.3)","PRT.SBI_USD.A","OBS_VALUE","","","","","","","","","","","","0.836636302","","0.209159075",""
"IMF.STA:ESG_FINANCE(2.0.3)","BMU.SULBI_USD.A","OBS_VALUE","","","","","","","","","","","","0.15","","0.15","0.246550392"
"IMF.STA:ESG_FINANCE(2.0.3)","GBR.SGBIC_USD.A","OBS_VALUE","","","","","","","","","","","","79.74032863","","",""
"IMF.STA:ESG_FINANCE(2.0.3)","CHE.SUBI_USD.A","OBS_VALUE","","","","","","","","","","","","0.133674947","","","0.133674947"
"IMF.STA:ESG_FINANCE(2.0.3)","EGY.SUBI_USD.A","OBS_VALUE","","","","","","","","","","","","","","0.482751962",""
"IMF.STA:ESG_FINANCE(2.0.3)","ZAF.SBI_USD.A","OBS_VALUE","","","","","","","","","","","","0.256321073","","",""
"IMF.STA:ESG_FINANCE(2.0.3)","AUT.SULBI_USD.A","OBS_VALUE","","","","","","","","","","","1.25","3.608509635","","0.366028382",""
"IMF.STA:ESG_FINANCE(2.0.3)","ZAF.GBI_USD.A","OBS_VALUE","","","","","0.136400632","","","0.054564601","0.060012936","0.147012122","0.2","0.145087274","0.77056512","0.767505682","0.323349826"
"IMF.STA:ESG_FINANCE(2.0.3)","AUS.SUBI_USD.A","OBS_VALUE","","","","","","","","0.127100333","1.024859401","2.639674764","0.794377081","8.846003388","2.964249217","1.624696645","8.641248385"
"IMF.STA:ESG_FINANCE(2.0.3)","GTM.SSBI_USD.A","OBS_VALUE","","","","","","","","","","","1","","","",""
"IMF.STA:ESG_FINANCE(2.0.3)","ZAF.SUBI_USD.A","OBS_VALUE","","","","","","","","","","","","","0.110711576","","0.109511155"
"IMF.STA:ESG_FINANCE(2.0.3)","SRB.SGBIC_USD.A","OBS_VALUE","","","","","","","","","","","","2.091590758","","",""
"IMF.STA:ESG_FINANCE(2.0.3)","FJI.GBI_USD.A","OBS_VALUE","","","","","","","","0.042924034","","","","","","0.008604",""
"IMF.STA:ESG_FINANCE(2.0.3)","TUR.SULBI_USD.A","OBS_VALUE","","","","","","","","","","","1.3","0.74","1","","3.1"
"IMF.STA:ESG_FINANCE(2.0.3)","ARE.GBI_USD.A","OBS_VALUE","","","","","","0.35","1","0.587","","0.07","0.096531308","0.598419855","3.689750289","8.670686611","5"
"IMF.STA:ESG_FINANCE(2.0.3)","HUN.GBI_USD.A","OBS_VALUE","","","","","","","","","","","1.966018255","1.300267433","3.77605325","1.307030649","2.62319633"
"IMF.STA:ESG_FINANCE(2.0.3)","SVN.SSBI_USD.A","OBS_VALUE","","","","","","","","","","","","","","","0.334918614"
"IMF.STA:ESG_FINANCE(2.0.3)","ARE.SUBI_USD.A","OBS_VALUE","","","","","","","","","","","","","","2","3.045795378"
"IMF.STA:ESG_FINANCE(2.0.3)","BOL.SUBI_USD.A","OBS_VALUE","","","","","","","","","","","","","","0.05653861","0.353780398"
"IMF.STA:ESG_FINANCE(2.0.3)","COL.SULBI_USD.A","OBS_VALUE","","","","","","","","","","","","0.012096286","","",""
"IMF.STA:ESG_FINANCE(2.0.3)","COL.SGBIC_USD.A","OBS_VALUE","","","","","","","","","","","","3.496615484","","",""
"IMF.STA:ESG_FINANCE(2.0.3)","REU.SBI_USD.A","OBS_VALUE","","","","","","","","","","","","","","","0.010457953"
"IMF.STA:ESG_FINANCE(2.0.3)","BLR.GBI_USD.A","OBS_VALUE","","","","","","","","","","","","","0.056388539","",""
"IMF.STA:ESG_FINANCE(2.0.3)","BMU.GBI_USD.A","OBS_VALUE","","","","","","","0.096211996","0.128984409","0.954797523","0.45","2.96","1.95","","1.00678292","0.333398004"
"IMF.STA:ESG_FINANCE(2.0.3)","GBR.GBI_USD.A","OBS_VALUE","0.01632749","0.010805281","0.00385466","0.669439669","0.359646998","0.910180249","1.512518854","2.784473453","7.996126594","7.911940613","6.076582063","97.6299497","8.134788286","11.64511339","16.73598074"
"IMF.STA:ESG_FINANCE(2.0.3)","CRI.SULBI_USD.A","OBS_VALUE","","","","","","","","","","","","0.61","","",""
"IMF.STA:ESG_FINANCE(2.0.3)","HRV.SUBI_USD.A","OBS_VALUE","","","","","","","","","","","","","0.209159075","",""
"IMF.STA:ESG_FINANCE(2.0.3)","PRT.SULBI_USD.A","OBS_VALUE","","","","","","","","","","","","0.138044467","","","0.398970934"
"IMF.STA:ESG_FINANCE(2.0.3)","SVN.GBI_USD.A","OBS_VALUE","","","","","","","","","0.078667477","","","","","0.522897689","0.052289768"
"IMF.STA:ESG_FINANCE(2.0.3)","BRA.SBI_USD.A","OBS_VALUE","","","","","","","","","","","0.008647156","0.339274212","","0.017445917",""
"IMF.STA:ESG_FINANCE(2.0.3)","DOM.SULBI_USD.A","OBS_VALUE","","","","","","","","","","","","0.6","","",""
"IMF.STA:ESG_FINANCE(2.0.3)","CYM.SUBI_USD.A","OBS_VALUE","","","","","","","","","","","0.9208","6.831757479","3.277364273","3.63","8.73"
"IMF.STA:ESG_FINANCE(2.0.3)","CHL.GBI_USD.A","OBS_VALUE","","","","","","","","1","","5.573299069","2.827132115","5.8718","1.439357248","2.610970478","4.291651999"
"IMF.STA:ESG_FINANCE(2.0.3)","COL.SSBI_USD.A","OBS_VALUE","","","","","","","","","","","","","","3.8",""
"IMF.STA:ESG_FINANCE(2.0.3)","ECU.SBI_USD.A","OBS_VALUE","","","","","","","","","","","0.8","","","",""
"IMF.STA:ESG_FINANCE(2.0.3)","AUT.SGBIC_USD.A","OBS_VALUE","","","","","","","","","","","","","9.573233394","12.33695236","9.386501805"
"IMF.STA:ESG_FINANCE(2.0.3)","BRA.SSSBI_USD.A","OBS_VALUE","","","","","","","","","","","","","","2","2"
"IMF.STA:ESG_FINANCE(2.0.3)","AUS.SGBIC_USD.A","OBS_VALUE","","","","","","","","","","","","","","","5.211113653"
"IMF.STA:ESG_FINANCE(2.0.3)","CYM.SBI_USD.A","OBS_VALUE","","","","","0.5","0.2","","","","","","","1.016123051","0.04777205",""
"IMF.STA:ESG_FINANCE(2.0.3)","HRV.SULBI_USD.A","OBS_VALUE","","","","","","","","","","","","","0.313738613","",""
"IMF.STA:ESG_FINANCE(2.0.3)","FJI.SGBIC_USD.A","OBS_VALUE","","","","","","","","0.042924034","","","","","","0.008604",""
"IMF.STA:ESG_FINANCE(2.0.3)","CHE.GBI_USD.A","OBS_VALUE","","","","","","0.166112956","0.886655264","0.874725184","1.428589803","4.842317262","3.03803512","3.064435052","5.430428611","4.231482851","3.380108802"
"IMF.STA:ESG_FINANCE(2.0.3)","QAT.GBI_USD.A","OBS_VALUE","","","","","","","","","","","","","","","5"
"IMF.STA:ESG_FINANCE(2.0.3)","UKR.GBI_USD.A","OBS_VALUE","","","","","","","","","","","","1.65","","",""
"IMF.STA:ESG_FINANCE(2.0.3)","SRB.GBI_USD.A","OBS_VALUE","","","","","","","","","","","","2.091590758","","",""
"IMF.STA:ESG_FINANCE(2.0.3)","GRC.GBI_USD.A","OBS_VALUE","","","","","","","","","","0.156869306","0.522897689","1.485029436","0.240532937","","3.032806598"
"IMF.STA:ESG_FINANCE(2.0.3)","TGO.SSBI_USD.A","OBS_VALUE","","","","","","","","","","","0.28663446","0.70737869","0.469175701","",""
"IMF.STA:ESG_FINANCE(2.0.3)","KOR.GBI_USD.A","OBS_VALUE","","","","0.5","","","1.4","0.375412114","3.905632667","6.85521239","3.171904655","25.23712633","16.63558865","14.02198606","12.52622665"
"IMF.STA:ESG_FINANCE(2.0.3)","USA.GBI_USD.A","OBS_VALUE","1.151679188","0.678707275","0.772137106","5.199602176","5.105762963","10.30370446","13.61984318","6.281419188","13.36104363","27.19433931","33.7475548","57.54132869","32.71002868","40.51907583","28.55330271"
"IMF.STA:ESG_FINANCE(2.0.3)","DEU.SGBIC_USD.A","OBS_VALUE","","","","","","","","","","","19.34721452","22.74604951","9.412158417","21.43880528","5.751874588"
"IMF.STA:ESG_FINANCE(2.0.3)","BRA.SUBI_USD.A","OBS_VALUE","","","","","","","","","","","0.411463393","","1.033835062","4.597096851","4.698497564"
"IMF.STA:ESG_FINANCE(2.0.3)","THA.SSSBI_USD.A","OBS_VALUE","","","","","","","","","","","6.322696093","","8.052490307","",""
"IMF.STA:ESG_FINANCE(2.0.3)","CHE.SBI_USD.A","OBS_VALUE","","","","","","","","","","","","","0.245070736","",""
"IMF.STA:ESG_FINANCE(2.0.3)","ZAF.SULBI_USD.A","OBS_VALUE","","","","","","","","","","","","0.166890871","0.120042122","","0.01636938"
"IMF.STA:ESG_FINANCE(2.0.3)","HKG.SULBI_USD.A","OBS_VALUE","","","","","","","","","","","","1.15","0.2","0.206739714","0.275858264"
"IMF.STA:ESG_FINANCE(2.0.3)","GBR.SBI_USD.A","OBS_VALUE","0.24903964","0.061421076","0.054445041","0.7","","0.310501148","0.5","0.3","0.822456606","2.162650838","5.793802338","5.627750464","2.773129296","2.308788418","6.906750707"
"IMF.STA:ESG_FINANCE(2.0.3)","GTM.SBI_USD.A","OBS_VALUE","","","","","","","","","","","1","","","",""
"IMF.STA:ESG_FINANCE(2.0.3)","SVN.SSSBI_USD.A","OBS_VALUE","","","","","","","","","","","","1.296729797","","1.307244224",""
"IMF.STA:ESG_FINANCE(2.0.3)","EGY.SSSBI_USD.A","OBS_VALUE","","","","","","","","","","","","","","0.482751962",""
"IMF.STA:ESG_FINANCE(2.0.3)","CYM.GBI_USD.A","OBS_VALUE","","","","","0.3","","1.6","1.956723814","1.274562038","3.300615255","6.28210746","10.23511343","6.991029916","10.98221067","4.637929132"
"IMF.STA:ESG_FINANCE(2.0.3)","BRA.GBI_USD.A","OBS_VALUE","","","","","","1.051005286","0.034240712","2.077512777","0.139662409","1.080341467","0.640879911","2.524399566","2.575400339","2.511327167","1.631906656"
"IMF.STA:ESG_FINANCE(2.0.3)","ROU.GBI_USD.A","OBS_VALUE","","","","","","","","","","","","0.443450501","0.258109301","0.752056765","8.604232002"
"IMF.STA:ESG_FINANCE(2.0.3)","SRB.SUBI_USD.A","OBS_VALUE","","","","","","","","","","","","","","","3"
"IMF.STA:ESG_FINANCE(2.0.3)","SWE.SULBI_USD.A","OBS_VALUE","","","","","","","","","","","","1.668479389","2.120194853","0.647162656","0.665959021"
"IMF.STA:ESG_FINANCE(2.0.3)","SDN.SBI_USD.A","OBS_VALUE","","","","","","","","","","","","","","","0.522897689"
"IMF.STA:ESG_FINANCE(2.0.3)","HKG.SUBI_USD.A","OBS_VALUE","","","","","","","","","1.1","","","0.74","0.451029916","0.257929132","0.988751962"
"IMF.STA:ESG_FINANCE(2.0.3)","GTM.SUBI_USD.A","OBS_VALUE","","","","","","","","","","","","","","","2.8"
"IMF.STA:ESG_FINANCE(2.0.3)","POL.SGBIC_USD.A","OBS_VALUE","","","","","","","0.784346534","","1.045795379","2.091590758","","","","",""
"IMF.STA:ESG_FINANCE(2.0.3)","SWE.SGBIC_USD.A","OBS_VALUE","","","","","","","","","","","3.763572382","","","",""
"IMF.STA:ESG_FINANCE(2.0.3)","RUS.GBI_USD.A","OBS_VALUE","","","","","","","","","","0.007342143","1.13000096","1.354226354","0.728599939","0.25990022",""
"IMF.STA:ESG_FINANCE(2.0.3)","BGD.GBI_USD.A","OBS_VALUE","","","","","","","","","","","","0.246103363","","",""
"IMF.STA:ESG_FINANCE(2.0.3)","SWE.GBI_USD.A","OBS_VALUE","","","","0.165969622","1.444350159","1.490990296","3.460253358","4.297562097","6.679100718","12.94673151","13.78777794","17.7747444","15.77720991","20.20663615","23.02978772"
"IMF.STA:ESG_FINANCE(2.0.3)","CHL.SGBIC_USD.A","OBS_VALUE","","","","","","","","","","4.362557541","2.827132115","","","",""
"IMF.STA:ESG_FINANCE(2.0.3)","GBR.SUBI_USD.A","OBS_VALUE","","","","","0.310501148","","","1","","2.194506287","2.211258504","8.527341251","4.192404403","5.81491186","6.820403051"
"IMF.STA:ESG_FINANCE(2.0.3)","CRI.GBI_USD.A","OBS_VALUE","","","","","","","1","","","","","","0.0080522","",""
"IMF.STA:ESG_FINANCE(2.0.3)","SVN.SBI_USD.A","OBS_VALUE","","","","","","","","","","","","","","","0.334918614"
"IMF.STA:ESG_FINANCE(2.0.3)","SEN.SBI_USD.A","OBS_VALUE","","","","","","","","","","","0.495396537","0.690287614","1.186265421","",""
"IMF.STA:ESG_FINANCE(2.0.3)","SVN.SUBI_USD.A","OBS_VALUE","","","","","","","","","","","","1.296729797","","1.307244224",""
"IMF.STA:ESG_FINANCE(2.0.3)","CHE.SULBI_USD.A","OBS_VALUE","","","","","","","","","","","","","1.584523641","",""
"IMF.STA:ESG_FINANCE(2.0.3)","SAU.GBI_USD.A","OBS_VALUE","","","","","","","","","","","","1.5","","","1.5"
"IMF.STA:ESG_FINANCE(2.0.3)","THA.SSLBI_USD.A","OBS_VALUE","","","","","","","","","","","","","","","1.759618252"
"IMF.STA:ESG_FINANCE(2.0.3)","EGY.SGBIC_USD.A","OBS_VALUE","","","","","","","","","","","1.5","","","",""
"IMF.STA:ESG_FINANCE(2.0.3)","HKG.SGBIC_USD.A","OBS_VALUE","","","","","","","","","","2","","8.519530934","2.574168221","19.50385148","4.911612004"
"IMF.STA:ESG_FINANCE(2.0.3)","BMU.SUBI_USD.A","OBS_VALUE","","","","","","","","","","","","","","","0.194929132"
"IMF.STA:ESG_FINANCE(2.0.3)","DEU.GBI_USD.A","OBS_VALUE","","","","0.308128426","3.624939757","6.608367079","4.183608237","7.969021248","6.391797287","19.79676708","45.62434007","75.08137534","81.63070198","67.33830529","58.83003027"
"IMF.STA:ESG_FINANCE(2.0.3)","TWN.SBI_USD.A","OBS_VALUE","","","","","","","","","","","","0.182267034","0.17434068","0.56500719","0.457981418"
"IMF.STA:ESG_FINANCE(2.0.3)","IDN.SGBIC_USD.A","OBS_VALUE","","","","","","","","","","","","","","0.138341241","0.167109234"
"IMF.STA:ESG_FINANCE(2.0.3)","MLI.SSBI_USD.A","OBS_VALUE","","","","","","","","","","","0.274557164","0.928702392","0.702596416","",""
"IMF.STA:ESG_FINANCE(2.0.3)","GTM.SSSBI_USD.A","OBS_VALUE","","","","","","","","","","","","","","","2.8"
"IMF.STA:ESG_FINANCE(2.0.3)","ITA.SUBI_USD.A","OBS_VALUE","","","","","","","","","","","0.529750805","1.584379998","1.457244223","0.711140856","0.094089309"
"IMF.STA:ESG_FINANCE(2.0.3)","AND.SUBI_USD.A","OBS_VALUE","","","","","","","","","","","","0.522897689","0.522897689","",""
"IMF.STA:ESG_FINANCE(2.0.3)","ARG.SUBI_USD.A","OBS_VALUE","","","","","","","","","","","","","0.000117936","0.154614624","0.003068001"
"IMF.STA:ESG_FINANCE(2.0.3)","HND.SSSBI_USD.A","OBS_VALUE","","","","","","","","","","","","","","","1.4"
"IMF.STA:ESG_FINANCE(2.0.3)","ISR.GBI_USD.A","OBS_VALUE","","","","","","","","","","","","1","","2.5",""
"IMF.STA:ESG_FINANCE(2.0.3)","HUN.SUBI_USD.A","OBS_VALUE","","","","","","","","","","","","","","","0.5"
"IMF.STA:ESG_FINANCE(2.0.3)","IRL.SBI_USD.A","OBS_VALUE","","","","","","","","","","","0.28250024","0.7775","1.045795379","0.784346534","0.522897689"
"IMF.STA:ESG_FINANCE(2.0.3)","SVK.GBI_USD.A","OBS_VALUE","","","","","","","","","","","","0.474791101","0.898317016","0.627477226","0.397486355"
"IMF.STA:ESG_FINANCE(2.0.3)","HKG.GBI_USD.A","OBS_VALUE","","","","0.3","","0.3","","0.953222832","3.11220213","7.765886715","4.540633058","17.1261085","11.43695151","25.70265022","11.76722196"
"IMF.STA:ESG_FINANCE(2.0.3)","ITA.GBI_USD.A","OBS_VALUE","","","","","0.538900247","","0.425009064","1.749075556","2.419191802","6.115372367","6.182536897","23.63737933","25.09421275","28.20249714","18.8190086"
"IMF.STA:ESG_FINANCE(2.0.3)","SGP.GBI_USD.A","OBS_VALUE","","","","","","","","1.074019245","0.066574091","2.240850031","1.423991316","5.903574727","9.985256675","4.547572496","4.871456376"
"IMF.STA:ESG_FINANCE(2.0.3)","TWN.SULBI_USD.A","OBS_VALUE","","","","","","","","","","","","","0.107086035","0.134507424",""
"IMF.STA:ESG_FINANCE(2.0.3)","SGP.SBI_USD.A","OBS_VALUE","","","","","","","","0.008","","","0.0704","","0.074855902","",""
"IMF.STA:ESG_FINANCE(2.0.3)","SYC.GBI_USD.A","OBS_VALUE","","","","","","","","","0.015","","","","","",""
"IMF.STA:ESG_FINANCE(2.0.3)","CZE.SUBI_USD.A","OBS_VALUE","","","","","","","","","","","","","","0.522247754","0.522897689"
"IMF.STA:ESG_FINANCE(2.0.3)","MYS.GBI_USD.A","OBS_VALUE","","","","","","","","0.467588859","0.203508938","0.479879659","0.124716135","0.303341637","0.203804347","0.736701476","0.366430482"
"IMF.STA:ESG_FINANCE(2.0.3)","GGY.GBI_USD.A","OBS_VALUE","","","","","","","","","","0.023702094","0.527216813","0.05054679","","","0.66978969"
"IMF.STA:ESG_FINANCE(2.0.3)","MYS.SSSBI_USD.A","OBS_VALUE","","","","","","","","","","","","","2.264492753","",""
"IMF.STA:ESG_FINANCE(2.0.3)","G001.SULBI_USD.A","OBS_VALUE","","","","","","","","","","5.723806267","10.50974082","127.9431686","93.48069121","65.76634338","44.50876963"
"IMF.STA:ESG_FINANCE(2.0.3)","IDN.SUBI_USD.A","OBS_VALUE","","","","","","","","","","0.5","","0.972897689","","","0.804910337"
"IMF.STA:ESG_FINANCE(2.0.3)","IRL.SULBI_USD.A","OBS_VALUE","","","","","","","","","","","","2.016403299","","",""
"IMF.STA:ESG_FINANCE(2.0.3)","VNM.GBI_USD.A","OBS_VALUE","","","","","","","0.14121369","","","","","0.2","0.06762054","","0.078864353"
"IMF.STA:ESG_FINANCE(2.0.3)","AND.SSSBI_USD.A","OBS_VALUE","","","","","","","","","","","","0.522897689","0.522897689","",""
"IMF.STA:ESG_FINANCE(2.0.3)","ARG.SSSBI_USD.A","OBS_VALUE","","","","","","","","","","","","","","0.146799836",""
"IMF.STA:ESG_FINANCE(2.0.3)","ARG.GBI_USD.A","OBS_VALUE","","","","","","","","0.97391742","","","0.257622597","0.915156197","0.291133652","0.388301167","0.197471857"
"IMF.STA:ESG_FINANCE(2.0.3)","VNM.SUBI_USD.A","OBS_VALUE","","","","","","","","","","","","0.425","","",""
"IMF.STA:ESG_FINANCE(2.0.3)","AUS.GBI_USD.A","OBS_VALUE","","","","","0.508890696","0.381300999","0.496929136","2.448427999","2.130916244","2.00860922","3.115229161","4.631842611","4.299148206","7.465745249","12.87129462"
"IMF.STA:ESG_FINANCE(2.0.3)","VGB.SULBI_USD.A","OBS_VALUE","","","","","","","","","","","","0.2","2.2","",""
"IMF.STA:ESG_FINANCE(2.0.3)","G001.SSLGBI_USD.A","OBS_VALUE","","","4.347826087","10.41666667","3.597122302","4.234527687","15.83011583","22.55965293","21.26537786","24.22680412","28.61660079","31.03603604","36.78947368","33.19126265","29.03558535"
"IMF.STA:ESG_FINANCE(2.0.3)","SGP.SGBIC_USD.A","OBS_VALUE","","","","","","","","","","","","","5.015345459","",""
"IMF.STA:ESG_FINANCE(2.0.3)","PAK.GBI_USD.A","OBS_VALUE","","","","","","","","","","","","0.5","","",""
"IMF.STA:ESG_FINANCE(2.0.3)","GNB.SSBI_USD.A","OBS_VALUE","","","","","","","","","","","0.041062801","0.143096764","0.102941749","",""
"IMF.STA:ESG_FINANCE(2.0.3)","CAN.SBI_USD.A","OBS_VALUE","","","","","","","","","0.68851556","","0.140646976","0.55537864","0.668073136","","0.522897689"
"IMF.STA:ESG_FINANCE(2.0.3)","G001.SUBI_USD.A","OBS_VALUE","","","","0.524548887","1.252889412","2.119138769","5.58943994","17.66308597","41.13064554","80.5807866","174.4674947","233.7957255","177.3260102","170.5470194","205.0538585"
"IMF.STA:ESG_FINANCE(2.0.3)","CYP.SSSBI_USD.A","OBS_VALUE","","","","","","","","","","","","","","1.045795379",""
"IMF.STA:ESG_FINANCE(2.0.3)","ITA.SGBIC_USD.A","OBS_VALUE","","","","","","","","","","","","14.11823763","14.67250918","11.76519802","9.412158417"
"IMF.STA:ESG_FINANCE(2.0.3)","MYS.SBI_USD.A","OBS_VALUE","","","","","","","","0.03144654","","","","","0.122314516","0.152853259","0.065285989"
"IMF.STA:ESG_FINANCE(2.0.3)","GNB.SBI_USD.A","OBS_VALUE","","","","","","","","","","","0.041062801","0.143096764","0.102941749","",""
"IMF.STA:ESG_FINANCE(2.0.3)","PAN.GBI_USD.A","OBS_VALUE","","","0.037","","","","","","","0.042","0.535328","","0.010229","0.01288",""
"IMF.STA:ESG_FINANCE(2.0.3)","MYS.SULBI_USD.A","OBS_VALUE","","","","","","","","","","","","0.226449275","0.012319494","0.098829483","0.327547233"
"IMF.STA:ESG_FINANCE(2.0.3)","ITA.SBI_USD.A","OBS_VALUE","","","","","","","","0.529750805","","1.093526074","2.091590757","2.254201479","1.673272604","2.772123202","5.28126666"
"IMF.STA:ESG_FINANCE(2.0.3)","G001.GBI_USD.A","OBS_VALUE","2.868733587","0.809476062","2.336444511","14.45177755","30.15409877","46.99043997","98.15322708","166.5177305","158.4883892","282.1789259","291.4313011","704.290357","597.728719","567.3826088","577.4054317"
"IMF.STA:ESG_FINANCE(2.0.3)","THA.SUBI_USD.A","OBS_VALUE","","","","","","","","","","","6.322696093","0.239615442","8.519648414","0.193856246","1.431642798"
"IMF.STA:ESG_FINANCE(2.0.3)","IRL.SGBIC_USD.A","OBS_VALUE","","","","","","","","","7.475439495","","","","","4.201116909",""
"IMF.STA:ESG_FINANCE(2.0.3)","ISL.SBI_USD.A","OBS_VALUE","","","","","","","","","","","","","","","0.052289768"
"IMF.STA:ESG_FINANCE(2.0.3)","MYS.SUBI_USD.A","OBS_VALUE","","","","","","0.03144654","","","0.157232704","0.729438574","0.400265353","3.804801204","5.892033466","2.252607752","2.3952473"
"IMF.STA:ESG_FINANCE(2.0.3)","VGB.SUBI_USD.A","OBS_VALUE","","","","","","","","","","","","0.3","","1.191438344","1.734939317"
"IMF.STA:ESG_FINANCE(2.0.3)","MAC.SBI_USD.A","OBS_VALUE","","","","","","","","","","","0.641512193","","","",""
"IMF.STA:ESG_FINANCE(2.0.3)","ITA.SULBI_USD.A","OBS_VALUE","","","","","","","","","","","0.104579537","7.957617634","3.241965672","7.273506859","7.516814259"
"IMF.STA:ESG_FINANCE(2.0.3)","TWN.SUBI_USD.A","OBS_VALUE","","","","","","","","","","","0.177370905","0.176140076","0.417347929","0.388635724","0.221395587"
"IMF.STA:ESG_FINANCE(2.0.3)","PER.SUBI_USD.A","OBS_VALUE","","","","","","","","","","","","3.25","1.2","10.95920858",""
"IMF.STA:ESG_FINANCE(2.0.3)","SGP.SULBI_USD.A","OBS_VALUE","","","","","","","","","","","0.046888606","1.215821508","0.584802653","","0.374279511"
"IMF.STA:ESG_FINANCE(2.0.3)","PER.SBI_USD.A","OBS_VALUE","","","","","","","","","","","0.015641791","0.038607085","","",""
"IMF.STA:ESG_FINANCE(2.0.3)","THA.GBI_USD.A","OBS_VALUE","","","","","","","","","0.099910527","0.680708973","0.878528007","0.850064208","0.815714128","0.860931821","0.172997215"
"IMF.STA:ESG_FINANCE(2.0.3)","NOR.SULBI_USD.A","OBS_VALUE","","","","","","","","","","","","0.757201082","0.682538253","0.485057923",""
"IMF.STA:ESG_FINANCE(2.0.3)","G001.SBI_USD.A","OBS_VALUE","0.24903964","0.061421076","2.434903473","0.759216146","1.041172365","3.308921419","2.755638685","11.51420557","14.05794211","20.45445021","177.99039","223.5888702","152.3392177","152.4399074","146.4170349"
"IMF.STA:ESG_FINANCE(2.0.3)","CZE.SULBI_USD.A","OBS_VALUE","","","","","","","","","","","","","0.627477227","","0.784346534"
"IMF.STA:ESG_FINANCE(2.0.3)","ISL.SUBI_USD.A","OBS_VALUE","","","","","","","","","","","0.314729332","","0.313738613","",""
"IMF.STA:ESG_FINANCE(2.0.3)","HND.GBI_USD.A","OBS_VALUE","","","","","","","0.057210648","","","0.375","","0.245070736","0.406897434","0.065102536",""
"IMF.STA:ESG_FINANCE(2.0.3)","CYP.SUBI_USD.A","OBS_VALUE","","","","","","","","","","","","","","1.045795379",""
"IMF.STA:ESG_FINANCE(2.0.3)","PRY.SUBI_USD.A","OBS_VALUE","","","","","","","","","","","0.6","","","","0.025349545"
"IMF.STA:ESG_FINANCE(2.0.3)","BFA.SBI_USD.A","OBS_VALUE","","","","","","","","","","","0.209339773","1.168444847","0.425457489","",""
"IMF.STA:ESG_FINANCE(2.0.3)","CAN.SUBI_USD.A","OBS_VALUE","","","","","","","","","","2.113143516","0.77088991","2.466224558","4.257328498","3.342213193","2.618196514"
"IMF.STA:ESG_FINANCE(2.0.3)","IRL.SUBI_USD.A","OBS_VALUE","","","","","","","","","","","","","0.0732594","",""
"IMF.STA:ESG_FINANCE(2.0.3)","IMN.SSSBI_USD.A","OBS_VALUE","","","","","","","","","","","","0.505197216","","",""
"IMF.STA:ESG_FINANCE(2.0.3)","DNK.GBI_USD.A","OBS_VALUE","","","","","","0.594232501","","1.83134225","0.784346534","11.38746505","1.650592003","10.2324569","18.38296478","12.46298567","9.270028964"
"IMF.STA:ESG_FINANCE(2.0.3)","CAN.SGBIC_USD.A","OBS_VALUE","","","","","","","","","","","","","3.516174402","","4.219409282"
"IMF.STA:ESG_FINANCE(2.0.3)","SRB.SSSBI_USD.A","OBS_VALUE","","","","","","","","","","","","","","","3"
"IMF.STA:ESG_FINANCE(2.0.3)","CAN.GBI_USD.A","OBS_VALUE","","","","","1.159388572","0.458227848","1.08315863","2.772192708","5.936608123","6.451086879","9.499570207","15.79213115","14.23434461","7.178352331","19.29961155"
"IMF.STA:ESG_FINANCE(2.0.3)","PER.GBI_USD.A","OBS_VALUE","","","","","0.408","","","","0.026406126","1.280813906","0.2","","0.03","",""
"IMF.STA:ESG_FINANCE(2.0.3)","ARG.SULBI_USD.A","OBS_VALUE","","","","","","","","","","","","0.050006468","0.12","0.0886","0.079029225"
"IMF.STA:ESG_FINANCE(2.0.3)","IDN.SSBI_USD.A","OBS_VALUE","","","","","","","","","","","","","","","0.186391056"
"IMF.STA:ESG_FINANCE(2.0.3)","G001.GRBOI_USD.A","OBS_VALUE","4.831922825","5.641398887","7.977843398","20.9881929","49.68325471","95.63338558","190.0045812","348.6146636","500.2539034","770.3452126","1015.534339","1661.812571","2172.233682","2627.121759","3090.241335"
"IMF.STA:ESG_FINANCE(2.0.3)","CAN.SULBI_USD.A","OBS_VALUE","","","","","","","","","","","","2.300984528","2.6580872","3.53066104",""
"IMF.STA:ESG_FINANCE(2.0.3)","THA.SBI_USD.A","OBS_VALUE","","","","","","","","","","","0.20286396","0.119296152","0.339397412","0.119331741","0.429642056"
"IMF.STA:ESG_FINANCE(2.0.3)","IDN.SULBI_USD.A","OBS_VALUE","","","","","","","","","","","","0.35","","",""
"IMF.STA:ESG_FINANCE(2.0.3)","PER.SULBI_USD.A","OBS_VALUE","","","","","","","","","","","","0.76","","",""
"IMF.STA:ESG_FINANCE(2.0.3)","IDN.SSSBI_USD.A","OBS_VALUE","","","","","","","","","","","","0.522897689","","","0.784346534"
"IMF.STA:ESG_FINANCE(2.0.3)","THA.SULBI_USD.A","OBS_VALUE","","","","","","","","","","","","0.626473849","0.921614784","0.029832935","2.217511893"
"IMF.STA:ESG_FINANCE(2.0.3)","PAN.SUBI_USD.A","OBS_VALUE","","","","","","","","","","","","","","","0.3"
"IMF.STA:ESG_FINANCE(2.0.3)","CHE.SGBIC_USD.A","OBS_VALUE","","","","","","","","","","","","","2.961791244","0.747938947","0.231283422"
"IMF.STA:ESG_FINANCE(2.0.3)","HND.SUBI_USD.A","OBS_VALUE","","","","","","","","","","","","","","","1.432983162"
"IMF.STA:ESG_FINANCE(2.0.3)","ISL.GBI_USD.A","OBS_VALUE","","","","","","","","","0.029464606","","0.78791398","1.166918147","0.477570942","0.360797436","1.595922068"
"IMF.STA:ESG_FINANCE(2.0.3)","ISR.SGBIC_USD.A","OBS_VALUE","","","","","","","","","","","","","","2",""
"IMF.STA:ESG_FINANCE(2.0.3)","CIV.GBI_USD.A","OBS_VALUE","0.252174787","","","0.5","0.18706274","0.5","0.205884446","","0.6","0.18706274","","0.094089309","0.141133964","0.542341606","0.904198688"
"IMF.STA:ESG_FINANCE(2.0.3)","MLI.SBI_USD.A","OBS_VALUE","","","","","","","","","","","0.274557164","0.928702392","0.702596416","",""
"IMF.STA:ESG_FINANCE(2.0.3)","DNK.SULBI_USD.A","OBS_VALUE","","","","","","","","","","","","","0.522897689","2.697544061","0.522897689"
"IMF.STA:ESG_FINANCE(2.0.3)","TWN.GBI_USD.A","OBS_VALUE","","","","","","","","0.508628174","0.685174155","0.851530861","1.276288478","0.77482711","1.94331478","2.698840668","3.119039457"
"IMF.STA:ESG_FINANCE(2.0.3)","SGP.SUBI_USD.A","OBS_VALUE","","","","","","","","","","","","3.166283853","","",""
"IMF.STA:ESG_FINANCE(2.0.3)","CYP.GBI_USD.A","OBS_VALUE","","","","","","","","","","","","0.313738613","","","0.313738613"
"IMF.STA:ESG_FINANCE(2.0.3)","G001.SBOI_USD.A","OBS_VALUE","3.066029678","3.032252658","3.467156131","3.885304449","4.926476814","7.838052147","10.31827572","20.73248129","33.2522282","52.37670807","229.8670981","445.5586163","593.4410599","734.7730242","839.663246"
"IMF.STA:ESG_FINANCE(2.0.3)","HND.SBI_USD.A","OBS_VALUE","","","","","","","","","","","0.091486364","1.471609691","0.34810908","3.1346748","0.489955903"
"IMF.STA:ESG_FINANCE(2.0.3)","IRL.GBI_USD.A","OBS_VALUE","","","","","","","","","7.476212931","1.254954454","2.22282495","9.242235072","5.670488669","9.253397951","11.40007034"
"IMF.STA:ESG_FINANCE(2.0.3)","IMN.SUBI_USD.A","OBS_VALUE","","","","","","","","","","","","0.505197216","","",""
"IMF.STA:ESG_FINANCE(2.0.3)","AUS.SBI_USD.A","OBS_VALUE","","","","","","","","0.718400356","","0.422608606","0.441673657","0.293601768","","",""
"IMF.STA:ESG_FINANCE(2.0.3)","BFA.SSBI_USD.A","OBS_VALUE","","","","","","","","","","","0.209339773","1.168444847","0.425457489","",""
"IMF.STA:ESG_FINANCE(2.0.3)","DNK.SGBIC_USD.A","OBS_VALUE","","","","","","","","","","","","","2.278019357","2.548043203",""
"IMF.STA:ESG_FINANCE(2.0.3)","HUN.SGBIC_USD.A","OBS_VALUE","","","","","","","","","","","1.702660514","0.606472036","2.649381094","","1.577400952"
"IMF.STA:ESG_FINANCE(2.0.3)","SYC.SGBIC_USD.A","OBS_VALUE","","","","","","","","","0.015","","","","","",""
"IMF.STA:ESG_FINANCE(2.0.3)","ARG.SBI_USD.A","OBS_VALUE","","","","","","","","1.045795378","","","0","0.012426914","0.00052704","0.070058499",""
"IMF.STA:ESG_FINANCE(2.0.3)","MAC.SUBI_USD.A","OBS_VALUE","","","","","","","","","","","","","","","0.137929132"
"IMF.STA:ESG_FINANCE(2.0.3)","CZE.GBI_USD.A","OBS_VALUE","","","","","","","","","","","","0.888926071","0.522897689","1.045795378","0.522897689"
"IMF.STA:ESG_FINANCE(2.0.3)","VEN.SBI_USD.A","OBS_VALUE","","","","","","","","","","","0.945557708","","","",""
