"Economy","1990","1991","1992","1993","1994","1995","1996","1997","1998","1999","2000","2001","2002","2003","2004","2005","2006","2007","2008","2009","2010","2011","2012","2013","2014","2015","2016","2017","2018","2019","2020","2021","2022","2023","2024","2025"
"Afghanistan","0","0","0","0","0","0","0","0","0","0","0","0","25000","200000","600000","1.2e+006","2.52037e+006","4.6681e+006","7.89891e+006","1.05e+007","1.02158e+007","1.37979e+007","1.53401e+007","1.68072e+007","1.84072e+007","1.9709e+007","2.1603e+007","2.39297e+007","2.19764e+007","2.25801e+007","2.2678e+007","2.2678e+007","2.28319e+007","2.30271e+007","2.56308e+007","-"
"Albania","0","0","0","0","0","0","2300","3300","5600","11008","29791","392650","851000","1.1e+006","1.25959e+006","1.53024e+006","1.90989e+006","2.32244e+006","1.85963e+006","2.46374e+006","2.69237e+006","3.1e+006","3.5e+006","3.68598e+006","3.35965e+006","3.40096e+006","3.36976e+006","3.6257e+006","2.71488e+006","2.63008e+006","2.61888e+006","2.63547e+006","2.78223e+006","2.61476e+006","2.48838e+006","-"
"Algeria","470","4781","4781","4781","1348","4691","11700","17400","18000","72000","86000","100000","450244","1.44693e+006","4.88241e+006","1.36614e+007","2.0998e+007","2.75627e+007","2.70315e+007","3.27298e+007","3.27802e+007","3.56159e+007","3.75277e+007","3.9517e+007","4.32982e+007","4.32276e+007","4.70413e+007","4.58457e+007","4.71543e+007","4.54255e+007","4.55557e+007","4.70158e+007","4.90188e+007","5.15221e+007","5.40505e+007","-"
"American Samoa","0","0","700","900","1200","1250","1300","1400","1500","1800","1992","2156","2036","2100","2250","-","-","-","-","-","-","-","-","-","-","-","-","-","-","-","-","-","-","-","-","-"
"Andorra","0","0","770","780","784","2825","5488","8618","14117","20600","23543","29429","32790","51893","58366","64560","69004","63503","64202","64549","65495","65044","63865","63931","66241","71336","76132","80337","82614","87909","80380","93792","113521","126214","127571","-"
"Angola","0","0","0","1100","1824","1994","3298","7052","9820","24000","25806","75000","140000","350000","740000","1.61112e+006","3.05462e+006","4.96154e+006","6.77336e+006","8.10942e+006","9.40337e+006","1.20732e+007","1.27851e+007","1.32852e+007","1.40526e+007","1.38845e+007","1.30011e+007","1.3324e+007","1.32884e+007","1.48302e+007","1.46451e+007","1.53279e+007","2.37332e+007","2.5744e+007","2.64079e+007","-"
"Anguilla","0","0","0","0","0","160","359","707","787","1475","2163","1773","3042","4427","7229","13061","17150","23526","26484","24820","25695","26019","26100","26000","26000","26000","-","-","-","26000","26000","26000","25870","-","-","-"
"Antigua and Barbuda","0","-","-","-","-","-","1300","1400","1500","8500","22000","25000","38205","46100","54000","86000","110177","112381","136592","134925","167970","176008","127381","114358","120041","176000","180000","184000","-","184000","184000","184000","186182","-","-","-"
"Argentina","12000","25000","46590","112000","241163","405395","667020","2.00907e+006","2.67086e+006","3.84887e+006","6.48795e+006","6.74179e+006","6.56674e+006","7.84223e+006","1.35124e+007","2.21564e+007","3.15104e+007","4.04018e+007","4.65088e+007","5.24828e+007","5.70823e+007","6.07227e+007","6.43276e+007","6.73615e+007","6.12342e+007","6.1842e+007","6.37198e+007","6.18974e+007","5.8598e+007","5.63529e+007","5.47639e+007","5.90658e+007","5.97039e+007","6.27092e+007","6.4082e+007","-"
"Armenia","0","0","0","0","0","0","300","5000","7831","8161","17486","25504","71349","114379","203309","318044","1.25976e+006","1.87641e+006","1.442e+006","2.1915e+006","3.86535e+006","3.21122e+006","3.32284e+006","3.34628e+006","3.45914e+006","3.46449e+006","3.43457e+006","3.48852e+006","3.57926e+006","3.61875e+006","3.4888e+006","3.59928e+006","3.7607e+006","3.95945e+006","4.01132e+006","-"
"Aruba","0","0","20","-","-","1718","3000","3402","5380","12000","15000","53000","61800","69952","98389","103417","109030","113586","120806","128000","131800","-","135000","138800","139700","141000","-","-","-","141000","141000","141000","140815","-","-","-"
"Ascension","0","0","0","0","0","0","0","0","0","0","0","0","-","0","0","0","0","0","0","0","0","0","0","-","0","298","519","1000","-","-","-","-","-","-","-","-"
"Australia","184943","291459","497000","690000","1.22e+006","2.242e+006","3.99e+006","4.578e+006","4.918e+006","6.315e+006","8.562e+006","1.1132e+007","1.267e+007","1.4347e+007","1.648e+007","1.842e+007","1.976e+007","2.126e+007","2.212e+007","2.22e+007","2.25e+007","2.3789e+007","2.4338e+007","2.494e+007","2.506e+007","2.577e+007","2.6551e+007","2.666e+007","2.764e+007","2.7968e+007","2.7013e+007","2.7285e+007","2.8682e+007","2.9761e+007","3.0074e+007","-"
"Austria","73698","115402","172453","220859","278199","383535","598708","1.1597e+006","2.2929e+006","4.25039e+006","6.117e+006","6.541e+006","6.736e+006","7.274e+006","7.992e+006","8.665e+006","9.281e+006","9.912e+006","1.0816e+007","1.1434e+007","1.2241e+007","1.30226e+007","1.3588e+007","1.3272e+007","1.29526e+007","1.34706e+007","1.10795e+007","1.0859e+007","1.0984e+007","1.0726e+007","1.07174e+007","1.08822e+007","1.09833e+007","1.1116e+007","1.13517e+007","-"
"Azerbaijan","0","0","0","0","500","6000","17000","40000","65000","370000","420400","730000","794200","1.0571e+006","1.45652e+006","2.242e+006","3.3235e+006","4.519e+006","6.548e+006","7.75712e+006","9.10011e+006","1.01201e+007","1.01252e+007","1.01301e+007","1.05525e+007","1.06971e+007","1.0189e+007","1.0127e+007","1.03397e+007","1.07503e+007","1.03443e+007","1.08171e+007","1.10681e+007","1.11113e+007","1.1323e+007","-"
"Bahamas","1922","2020","2600","2401","-","4100","4948","6200","8072","15911","31524","60555","121759","122228","186007","227771","252987","373999","358050","358812","428377","298790","300000","287000","314842","311175","360200","353540","388707","425507","466000","397393","403993","399630","387960","-"
"Bahrain","5147","7354","9683","11360","17616","27600","40080","58543","92063","133468","205727","299587","388990","443109","649764","767103","907433","1.11598e+006","1.44078e+006","1.40197e+006","1.567e+006","1.69365e+006","2.1239e+006","2.21019e+006","2.32899e+006","2.51906e+006","2.99487e+006","2.36448e+006","2.09271e+006","1.91864e+006","1.77097e+006","1.92344e+006","2.14126e+006","2.41572e+006","2.56382e+006","-"
"Bangladesh","0","0","250","500","1104","2500","4000","26000","75000","149000","279000","520000","1.075e+006","1.365e+006","2.78156e+006","9e+006","1.9131e+007","3.437e+007","4.464e+007","5.13593e+007","6.79239e+007","8.43687e+007","9.718e+007","1.16553e+008","1.26866e+008","1.31376e+008","1.35982e+008","1.50945e+008","1.61772e+008","1.65572e+008","1.76279e+008","1.84445e+008","1.86097e+008","1.9081e+008","1.87581e+008","-"
"Barbados","0","486","796","1560","2967","4614","6283","8013","12000","20309","28467","53111","97193","140000","200138","206190","237119","257596","288662","337061","350061","347917","349296","307708","305456","334792","332208","329565","329326","329326","295000","316633","323482","-","-","-"
"Belarus","0","0","0","324","1724","5897","6548","8167","12155","23457","49353","138329","462630","1.118e+006","2.23929e+006","4.0995e+006","5.96e+006","6.96e+006","8.128e+006","9.6862e+006","1.03329e+007","1.06949e+007","1.06765e+007","1.11144e+007","1.14019e+007","1.14483e+007","1.14399e+007","1.14151e+007","1.16197e+007","1.16272e+007","1.17041e+007","1.17601e+007","1.17706e+007","1.17573e+007","1.18754e+007","-"
"Belgium","42880","51420","61460","67771","128071","235258","478172","974494","1.75629e+006","3.1866e+006","5.629e+006","7.697e+006","8.10178e+006","8.60583e+006","9.13171e+006","9.6047e+006","9.84738e+006","1.07381e+007","1.13417e+007","1.17752e+007","1.2154e+007","1.24959e+007","1.23134e+007","1.23152e+007","1.27347e+007","1.27741e+007","1.25508e+007","1.13573e+007","1.14474e+007","1.15096e+007","1.15297e+007","1.17401e+007","1.18374e+007","1.20873e+007","1.21971e+007","-"
"Belize","0","0","0","400","832","1547","2184","2544","3535","6591","16812","39155","51729","60403","75000","96000","118000","118314","160032","161783","194201","222407","172423","174615","172300","211946","222928","239441","246311","254919","264000","264000","270536","-","-","-"
"Benin","0","0","0","0","0","1050","2707","4295","6286","7269","55476","125000","218770","236175","459322","596267","1.05573e+006","2.05178e+006","3.62537e+006","5.03335e+006","7.07491e+006","7.76521e+006","8.40785e+006","9.62745e+006","8.66043e+006","9.31796e+006","8.89249e+006","8.77304e+006","9.46187e+006","1.03498e+007","1.11409e+007","1.27318e+007","1.455e+007","1.63739e+007","1.82145e+007","-"
"Bermuda","1112","1440","1936","3400","5127","6324","7980","10276","12572","12800","13000","13333","30000","40000","49000","52720","60100","69000","79000","85000","88200","-","91000","94300","59491","38000","63891","64997","-","67000","68000","68000","68164","-","62488","-"
"Bhutan","0","0","0","0","0","0","0","0","0","0","0","0","0","2255","19138","36000","82078","149439","253429","338938","394316","484189","560890","544337","624536","675747","698373","730623","703554","729239","745137","778008","742882","751989","789606","-"
"Bolivia (Plurinational State of)","0","295","1551","2659","4056","7229","33400","118433","239272","420344","582620","779917","1.02333e+006","1.27884e+006","1.80079e+006","2.4214e+006","2.87614e+006","3.25441e+006","5.0386e+006","6.46439e+006","7.17929e+006","8.35327e+006","9.49321e+006","1.04257e+007","1.04503e+007","1.01628e+007","1.01062e+007","1.09632e+007","1.14458e+007","1.16888e+007","1.18043e+007","1.20339e+007","1.22669e+007","-","1.21686e+007","-"
"Bosnia and Herzegovina","0","0","0","0","0","0","1500","9000","25181","52607","93386","444711","748780","1.07479e+006","1.40744e+006","1.59437e+006","1.88782e+006","2.45043e+006","3.17904e+006","3.25724e+006","3.11023e+006","3.17128e+006","3.35754e+006","3.48832e+006","3.49119e+006","3.44352e+006","3.40404e+006","3.44009e+006","3.46106e+006","3.75552e+006","3.50967e+006","3.72878e+006","3.81193e+006","3.7499e+006","3.8361e+006","-"
"Botswana","0","0","0","0","0","0","0","0","15190","92000","222190","332264","332264","444978","522840","563782","823070","1.15176e+006","1.48579e+006","1.8741e+006","2.36341e+006","2.90026e+006","3.08173e+006","3.24679e+006","3.41051e+006","3.47533e+006","3.28899e+006","3.24059e+006","3.38123e+006","3.74676e+006","3.82941e+006","4.16055e+006","4.34801e+006","4.44031e+006","4.13467e+006","-"
"Brazil","667","6700","32000","182000","574009","1.28553e+006","2.49815e+006","4.55e+006","7.36822e+006","1.50327e+007","2.31882e+007","2.87458e+007","3.4881e+007","4.63733e+007","6.5605e+007","8.62103e+007","9.99186e+007","1.2098e+008","1.50641e+008","1.69386e+008","1.9693e+008","2.34358e+008","2.48324e+008","2.711e+008","2.80729e+008","2.57814e+008","2.44067e+008","2.21269e+008","2.0941e+008","2.02009e+008","2.05835e+008","2.19661e+008","2.12926e+008","2.13295e+008","2.16083e+008","-"
"British Virgin Islands","0","-","-","-","-","-","1200","-","-","-","-","-","8000","-","-","-","-","20700","23000","47031","47524","46597","48703","53406","54764","57195","39689","44043","39954","39534","35163","37641","35595","35408","36760","-"
"Brunei Darussalam","1772","3025","4103","8304","15623","35881","43524","45000","49129","66000","95000","143004","153647","177365","202454","232900","301400","366138","398857","412882","435104","443161","469740","468814","452054","463384","523453","544732","565949","574799","536589","603486","528723","544652","546615","-"
"Bulgaria","0","0","0","1000","6500","20920","26588","70000","127000","350000","738000","1.55e+006","2.59755e+006","3.50087e+006","4.72973e+006","6.24492e+006","8.25342e+006","9.89748e+006","1.0429e+007","1.04548e+007","1.01999e+007","1.04751e+007","1.07807e+007","1.04868e+007","9.48693e+006","9.19463e+006","8.97387e+006","8.53291e+006","8.38716e+006","8.13458e+006","7.94574e+006","7.90276e+006","7.96436e+006","8.01447e+006","7.97861e+006","-"
"Burkina Faso","0","0","0","0","0","0","525","1503","2730","5036","25245","76186","111013","238094","395939","633554","1.01661e+006","1.85804e+006","3.02415e+006","3.82363e+006","5.70785e+006","7.6821e+006","9.97611e+006","1.12409e+007","1.24944e+007","1.44469e+007","1.5404e+007","1.79464e+007","1.93391e+007","2.03645e+007","2.21172e+007","2.46783e+007","2.56594e+007","2.67475e+007","2.74554e+007","-"
"Burundi","0","0","0","353","378","564","561","619","620","800","16320","33416","52000","64000","100560","153000","200000","270000","480584","920749","1.67803e+006","1.91459e+006","2.24713e+006","2.53683e+006","3.19326e+006","4.9977e+006","5.35782e+006","5.92061e+006","6.31797e+006","6.53204e+006","6.63115e+006","7.74049e+006","7.49445e+006","8.64669e+006","-","-"
"Cabo Verde","0","0","0","0","0","0","0","20","1020","8068","19729","31507","42949","53342","65780","81721","108858","152212","277670","290621","371871","396429","425310","499458","613378","611468","601956","612259","610328","595681","544729","590171","588593","590354","587026","-"
"Cambodia","0","0","0","4810","10239","14100","23098","33556","61345","89117","130547","223458","380000","498388","861500","1.062e+006","1.72165e+006","2.58332e+006","4.237e+006","6.268e+006","8.15076e+006","1.3757e+007","1.91051e+007","2.02645e+007","2.0452e+007","2.08505e+007","1.99155e+007","1.8573e+007","1.94171e+007","2.14187e+007","2.10868e+007","1.98998e+007","1.95053e+007","2.10496e+007","2.04772e+007","-"
"Cameroon","0","0","0","0","1600","2800","3500","4200","5000","6000","103279","417295","701507","1.077e+006","1.53087e+006","2.25251e+006","3.13595e+006","4.536e+006","6.16089e+006","8.00412e+006","8.63665e+006","1.04866e+007","1.31081e+007","1.56647e+007","1.70391e+007","1.81607e+007","1.87175e+007","2.01354e+007","1.84558e+007","2.14007e+007","2.23503e+007","2.17501e+007","2.48218e+007","2.73745e+007","3.15157e+007","-"
"Canada","583766","775831","1.02661e+006","1.33298e+006","1.86578e+006","2.58978e+006","3.49778e+006","4.195e+006","5.346e+006","6.91104e+006","8.727e+006","1.0649e+007","1.1872e+007","1.3291e+007","1.502e+007","1.70166e+007","1.87491e+007","2.02774e+007","2.20925e+007","2.38119e+007","2.58254e+007","2.684e+007","2.772e+007","2.836e+007","2.8789e+007","2.9765e+007","3.0752e+007","3.1693e+007","3.3211e+007","3.4367e+007","3.23601e+007","3.3611e+007","3.542e+007","3.7e+007","3.74e+007","-"
"Cayman Islands","0","559","988","1260","1813","2534","-","4109","5170","8410","10700","17000","19000","21040","33800","80945","92559","101497","98313","108699","100568","96777","98834","98036","91059","93244","95656","96656","-","99000","100000","100000","99737","-","-","-"
"Central African Rep.","0","0","0","0","0","44","1071","1370","1633","4162","4967","11000","12600","40000","60000","100000","110000","340000","570000","863641","979232","992444","1.14311e+006","1.3603e+006","1.15562e+006","1.24249e+006","1.24835e+006","1.17539e+006","1.27926e+006","1.59529e+006","1.831e+006","1.831e+006","1.97915e+006","-","-","-"
"Chad","0","0","0","0","0","0","0","0","0","0","5500","22000","34200","65000","123000","210000","466088","918356","1.6e+006","2.28132e+006","2.8753e+006","3.66566e+006","4.40228e+006","4.56124e+006","5.25156e+006","5.4658e+006","5.58571e+006","6.3686e+006","6.98413e+006","7.66484e+006","8.68715e+006","1.03462e+007","1.20767e+007","1.35595e+007","1.48039e+007","-"
"Chile","13921","36136","64438","85186","115691","197314","319474","409740","964248","2.26069e+006","3.40153e+006","5.10078e+006","6.24431e+006","7.26828e+006","9.26139e+006","1.05696e+007","1.24508e+007","1.39552e+007","1.47966e+007","1.64502e+007","1.98522e+007","2.23152e+007","2.3941e+007","2.36613e+007","2.36807e+007","2.32064e+007","2.33026e+007","2.30131e+007","2.5179e+007","2.50517e+007","2.50682e+007","2.65718e+007","2.64189e+007","2.67107e+007","2.622e+007","-"
"China","18319","47544","176943","638000","1.568e+006","3.629e+006","6.853e+006","1.3233e+007","2.3863e+007","4.3296e+007","8.526e+007","1.4482e+008","2.06005e+008","2.69953e+008","3.34824e+008","3.93406e+008","4.61058e+008","5.47306e+008","6.41245e+008","7.47214e+008","8.59003e+008","9.86253e+008","1.11216e+009","1.22911e+009","1.28609e+009","1.29198e+009","1.36493e+009","1.46988e+009","1.6493e+009","1.74624e+009","1.71841e+009","1.73301e+009","1.77001e+009","1.82442e+009","1.87001e+009","-"
"Colombia","0","0","0","0","86805","274590","522857","1.26476e+006","1.80023e+006","1.96654e+006","2.2568e+006","3.26526e+006","4.59659e+006","6.18621e+006","1.04006e+007","2.185e+007","2.97627e+007","3.39411e+007","4.13648e+007","4.21596e+007","4.44777e+007","4.62004e+007","4.90664e+007","5.02951e+007","5.53303e+007","5.73275e+007","5.86849e+007","6.222e+007","6.4514e+007","6.62832e+007","6.76726e+007","7.50561e+007","8.08122e+007","8.73659e+007","9.20721e+007","-"
"Comoros","0","0","0","0","0","0","0","0","0","0","0","0","0","2000","8378","15523","36877","62104","91741","122596","165278","216438","283511","347500","383000","424786","454389","468914","498903","575218","781579","853449","838768","934198","-","-"
"Congo (Rep. of the)","0","0","0","0","0","0","1000","-","3390","5000","70000","150000","221800","330000","383653","558192","917499","1.28763e+006","1.807e+006","2.9483e+006","3.71875e+006","3.88476e+006","4.28313e+006","4.65976e+006","4.9301e+006","5.216e+006","5.424e+006","5.056e+006","5e+006","5.11484e+006","5.61795e+006","5.64834e+006","5.65042e+006","5.8658e+006","6.05e+006","-"
"Cook Islands","0","0","0","0","0","0","182","196","285","506","552","942","1499","3384","3650","4004","5402","6617","6674","6952","7802","9541","11100","11500","-","-","13852","14539","-","16000","17000","17000","18099","-","-","-"
"Costa Rica","0","0","3008","4533","6985","18750","46531","64387","108770","138178","211614","326944","502478","778299","923084","1.10131e+006","1.44372e+006","1.50822e+006","1.88657e+006","1.95032e+006","3.12837e+006","4.15307e+006","5.37808e+006","7.11198e+006","7.02041e+006","7.5356e+006","8.33066e+006","8.84034e+006","8.49559e+006","7.22506e+006","7.17298e+006","7.12386e+006","6.93754e+006","6.81729e+006","6.97794e+006","-"
"Croatia","240","2019","6320","11382","21664","33688","64943","120420","182500","295000","1.033e+006","1.755e+006","2.3126e+006","2.5373e+006","2.8355e+006","3.6497e+006","4.3952e+006","5.03458e+006","4.55478e+006","4.67502e+006","4.92835e+006","5.11514e+006","4.97135e+006","4.72102e+006","4.46135e+006","4.41566e+006","4.41435e+006","4.31558e+006","4.38848e+006","4.40465e+006","4.3757e+006","4.40221e+006","4.48047e+006","4.56273e+006","4.71753e+006","-"
"Cuba","0","0","234","500","1152","1939","2427","2994","4056","5136","6536","8579","17851","35356","75797","135534","152715","198252","331736","621156","1.00302e+006","1.31514e+006","1.68165e+006","1.9957e+006","2.53075e+006","3.33535e+006","3.9879e+006","4.61378e+006","5.37332e+006","6.04263e+006","6.66176e+006","7.1033e+006","7.60009e+006","7.66731e+006","8.00756e+006","-"
"Curacao","-","-","-","-","-","-","-","-","-","-","-","-","-","-","-","-","-","-","-","201097","204024","206294","204702","203502","192569","190489","186644","187184","186390","184236","170000","168007","171875","173926","-","-"
"Cyprus","3156","5131","9739","15288","22938","44453","70781","91968","116429","151649","218324","314355","417933","551752","658234","782503","867785","988312","1.01674e+006","977521","1.03407e+006","1.09094e+006","1.11094e+006","1.09962e+006","1.1108e+006","1.11112e+006","1.13378e+006","1.1768e+006","1.20038e+006","1.24315e+006","1.23996e+006","1.32079e+006","1.39248e+006","1.4335e+006","1.50969e+006","-"
"Czech Republic","0","1242","4651","14043","30429","48900","200315","526339","965476","1.94455e+006","4.34601e+006","6.94715e+006","8.61018e+006","9.70868e+006","1.07826e+007","1.17759e+007","1.24062e+007","1.32286e+007","1.37802e+007","1.30626e+007","1.29341e+007","1.31677e+007","1.35219e+007","1.37193e+007","1.39131e+007","1.24546e+007","1.2485e+007","1.26364e+007","1.27043e+007","1.31014e+007","1.29998e+007","1.32869e+007","1.3673e+007","1.36208e+007","1.35916e+007","-"
"Côte d'Ivoire","0","0","0","0","0","0","13549","36000","91212","257134","472952","728545","1.02706e+006","1.2807e+006","1.67433e+006","2.34944e+006","4.06542e+006","7.46771e+006","1.0449e+007","1.31843e+007","1.5599e+007","1.73442e+007","1.80995e+007","1.93909e+007","2.21046e+007","2.54076e+007","2.74513e+007","3.17472e+007","3.38079e+007","3.73766e+007","4.00952e+007","4.45615e+007","4.90064e+007","5.36015e+007","5.87194e+007","-"
"Dem. People's Rep. of Korea","0","0","0","0","0","0","0","0","0","0","0","0","0","0","0","0","0","0","0","69261","431919","1e+006","1.7e+006","2.42e+006","2.8e+006","3.24e+006","3.606e+006","3.81e+006","-","4.253e+006","6e+006","6e+006","6.35344e+006","-","-","-"
"Dem. Rep. of the Congo","0","0","-","-","-","8500","7200","8900","10000","12000","15000","150000","560000","1.24623e+006","1.99072e+006","2.74609e+006","4.41547e+006","6.592e+006","9.93762e+006","9.45856e+006","1.18203e+007","1.56449e+007","2.00927e+007","2.82319e+007","3.7103e+007","3.77528e+007","2.88893e+007","3.53752e+007","3.64706e+007","3.71232e+007","4.07984e+007","4.68858e+007","4.98441e+007","5.62684e+007","6.39618e+007","-"
"Denmark","148220","175943","211063","357589","503500","822264","1.31659e+006","1.44402e+006","1.9311e+006","2.62859e+006","3.36355e+006","3.96017e+006","4.47775e+006","4.7671e+006","5.16691e+006","5.44921e+006","5.82816e+006","6.308e+006","6.55699e+006","6.83368e+006","6.42079e+006","7.17319e+006","7.29276e+006","7.03115e+006","7.16023e+006","7.07925e+006","6.98504e+006","7.14086e+006","7.21622e+006","7.24347e+006","7.25268e+006","7.35635e+006","7.4662e+006","7.53731e+006","7.57258e+006","-"
"Djibouti","0","0","0","0","0","0","110","203","220","280","230","3000","15000","23000","34482","44053","44817","69539","112848","128776","165613","193049","212468","244123","287049","314350","345246","373052","395037","413866","434035","489339","531900","558607","-","-"
"Dominica","0","0","0","0","0","0","461","556","650","800","1200","7710","12173","23786","41838","52000","71500","89000","91000","98500","105567","108924","109300","93575","73886","77254","78444","75230","76820","78132","74607","62171","56929","-","-","-"
"Dominican Rep.","3166","5605","7190","10364","20990","55979","82547","141592","209384","424434","705431","1.27008e+006","1.70061e+006","2.09191e+006","2.53406e+006","3.62329e+006","4.60566e+006","5.51286e+006","7.21048e+006","8.62982e+006","8.89278e+006","8.77078e+006","8.9342e+006","9.20041e+006","8.30354e+006","8.79725e+006","8.70813e+006","8.76913e+006","8.93765e+006","8.94811e+006","8.98959e+006","9.73535e+006","1.01499e+007","1.04098e+007","1.07087e+007","-"
"Ecuador","0","0","0","0","18920","54380","59779","126505","242812","383185","482213","859152","1.56086e+006","2.39816e+006","3.54417e+006","6.24633e+006","8.48505e+006","9.93998e+006","1.16845e+007","1.32418e+007","1.47807e+007","1.53327e+007","1.64567e+007","1.66262e+007","1.66057e+007","1.29438e+007","1.38823e+007","1.46514e+007","1.57728e+007","1.58531e+007","1.54854e+007","1.67896e+007","1.74908e+007","1.81656e+007","1.84253e+007","-"
"Egypt","4000","4500","4913","6877","7371","7368","7369","65378","90786","480974","1.3599e+006","2.7938e+006","4.4947e+006","5.79753e+006","7.64306e+006","1.36296e+007","1.80011e+007","3.00937e+007","4.12867e+007","5.53522e+007","7.0661e+007","8.34251e+007","9.67988e+007","9.9705e+007","9.5316e+007","9.40162e+007","9.77914e+007","1.02958e+008","9.37845e+007","9.53403e+007","9.53574e+007","9.33e+007","1.02122e+008","1.06319e+008","1.13193e+008","-"
"El Salvador","0","0","0","1632","4868","13475","23270","40163","137114","511365","743628","857782","888818","1.14979e+006","1.83258e+006","2.41175e+006","3.85161e+006","6.13738e+006","6.9507e+006","7.56625e+006","7.70034e+006","8.31615e+006","8.649e+006","8.9919e+006","9.19334e+006","9.33413e+006","9.63726e+006","9.47804e+006","9.4335e+006","1.03968e+007","9.949e+006","1.10711e+007","1.15086e+007","1.13388e+007","1.1188e+007","-"
"Equatorial Guinea","0","0","0","0","0","0","61","300","297","600","5000","15000","32000","41500","61900","96900","120000","150000","180000","200000","399290","478860","501077","510783","516540","533336","575650","566113","591223","617000","744081","816689","893441","-","-","-"
"Eritrea","0","0","0","0","0","0","0","0","0","0","0","0","0","0","20000","40438","61996","84348","108631","141130","185275","241939","305283","354844","417400","475000","506000","695000","-","1.311e+006","1.801e+006","1.801e+006","2.01583e+006","-","-","-"
"Estonia","0","570","2498","7224","13774","30452","69500","144200","247000","387000","557000","651200","881000","1.05024e+006","1.25573e+006","1.4453e+006","1.6587e+006","1.68185e+006","1.62447e+006","1.57054e+006","1.65281e+006","1.80608e+006","1.99975e+006","1.92742e+006","1.89755e+006","1.90355e+006","1.89792e+006","1.90443e+006","1.92403e+006","1.95105e+006","1.92579e+006","1.98084e+006","2.05579e+006","2.05347e+006","2.05622e+006","-"
"Eswatini","0","0","0","0","0","0","0","0","4700","14000","33000","55000","68000","85000","145000","200000","250000","380000","531643","664432","725802","766540","805000","893000","916800","941000","995000","1.02747e+006","1.04269e+006","1.0743e+006","1.24935e+006","1.43135e+006","1.48088e+006","1.57996e+006","1.73788e+006","-"
"Ethiopia","0","0","0","0","0","0","0","0","0","6740","17757","27500","50369","51324","155534","410630","866700","1.2085e+006","1.95453e+006","4.0517e+006","6.854e+006","1.41267e+007","2.05239e+007","2.56469e+007","3.049e+007","4.23116e+007","5.1224e+007","3.96e+007","-","4.192e+007","4.45e+007","6.45e+007","7.14243e+007","7.7054e+007","8.59478e+007","-"
"Falkland (Malvinas) Is.","0","0","0","0","0","0","0","0","0","0","0","0","0","0","0","766","2276","2979","2991","3256","3254","3286","3457","3607","4172","4400","4674","5000","-","6000","6000","6000","6418","-","-","-"
"Faroe Islands","0","1429","1718","1605","1960","2558","3265","4701","6516","10761","16971","24487","34737","38026","41298","42032","49965","52169","54860","56993","59446","58475","58722","57751","58282","53213","54487","56619","56792","54959","59213","59213","57146","-","-","-"
"Fiji","0","0","0","0","1100","2200","3700","5200","8000","23380","55057","80933","89900","109882","142190","205000","284661","530048","600000","640000","697920","727000","858809","930406","876176","965950","1.04469e+006","1.03392e+006","1.015e+006","1.03e+006","991500","991500","1.02745e+006","3.33661e+006","5.33264e+006","-"
"Finland","257872","319137","386021","489174","675565","1.03913e+006","1.502e+006","2.16257e+006","2.84599e+006","3.27343e+006","3.72863e+006","4.17559e+006","4.51677e+006","4.74713e+006","4.988e+006","5.27e+006","5.67e+006","6.08e+006","6.83e+006","7.7e+006","8.39e+006","8.94e+006","9.32e+006","7.4112e+006","7.6026e+006","7.3962e+006","7.2201e+006","7.16e+006","7.15e+006","7.15e+006","7.12e+006","7.15e+006","7.13e+006","7.14e+006","7.07e+006","-"
"France","283200","375000","436700","572000","883000","1.3025e+006","2.4627e+006","5.8173e+006","1.12101e+007","2.14335e+007","2.90524e+007","3.69974e+007","3.85853e+007","4.1702e+007","4.4544e+007","4.8088e+007","5.1662e+007","5.53581e+007","5.7972e+007","5.7918e+007","5.7785e+007","5.9816e+007","6.226e+007","6.3324e+007","6.5425e+007","6.6681e+007","6.7571e+007","6.9018e+007","7.0422e+007","7.204e+007","7.2751e+007","7.5304e+007","7.6849e+007","7.7526e+007","-","-"
"French Guiana","0","0","0","0","0","0","0","0","4000","18000","39830","75320","87300","92000","98000","-","-","-","-","217748","-","-","-","-","-","-","-","-","-","-","-","-","296687","-","-","-"
"French Polynesia","0","0","0","0","0","1150","2719","5427","11060","21929","39900","67300","52250","60100","96000","120000","152000","174847","187146","208261","215890","222827","227601","243395","255123","268334","280111","287839","302673","318000","335000","322918","327667","333905","-","-"
"Gabon","0","0","280","1200","2581","4000","6800","9500","9694","8891","120000","150000","279289","300000","489367","736690","897987","1.169e+006","1.3e+006","1.45e+006","1.61e+006","2.37023e+006","2.55773e+006","2.74523e+006","2.93273e+006","2.82156e+006","2.96249e+006","2.66324e+006","2.93055e+006","2.99281e+006","3.04953e+006","3.14461e+006","2.99549e+006","3.04652e+006","3.18225e+006","-"
"Gambia","0","0","204","457","812","1442","3096","4734","5048","5307","5600","55085","100000","149300","175000","247478","404345","800371","1.16614e+006","1.31287e+006","1.47835e+006","1.40116e+006","1.52619e+006","1.84885e+006","2.28369e+006","2.71567e+006","2.83813e+006","2.966e+006","3.18139e+006","2.58471e+006","2.67795e+006","2.80392e+006","2.81528e+006","3.1596e+006","3.48431e+006","-"
"Georgia","0","0","0","0","0","150","2300","30000","60000","133243","194741","301327","503619","711224","840645","1.17431e+006","1.70389e+006","2.59971e+006","2.75509e+006","2.837e+006","3.97824e+006","4.43034e+006","4.69858e+006","4.99312e+006","5.40077e+006","5.55073e+006","5.53188e+006","5.5024e+006","5.45924e+006","5.38206e+006","5.1001e+006","5.5526e+006","5.84448e+006","5.91113e+006","6.13803e+006","-"
"Germany","272609","532251","971890","1.77438e+006","2.4905e+006","3.725e+006","5.512e+006","8.276e+006","1.3913e+007","2.3446e+007","4.8202e+007","5.6126e+007","5.9128e+007","6.48e+007","7.1322e+007","7.9271e+007","8.5652e+007","9.62329e+007","1.05523e+008","1.05e+008","8.84e+007","9.09e+007","9.24e+007","1.00034e+008","9.953e+007","9.636e+007","1.0347e+008","1.097e+008","1.075e+008","1.072e+008","1.074e+008","1.064e+008","1.044e+008","1.054e+008","1.092e+008","-"
"Ghana","0","0","400","1742","3336","6200","12766","21866","41753","70026","130045","243797","386775","795529","1.695e+006","2.87456e+006","5.20724e+006","7.60405e+006","1.15704e+007","1.51089e+007","1.74369e+007","2.11658e+007","2.56184e+007","2.80265e+007","3.03608e+007","3.50084e+007","3.83051e+007","3.67518e+007","4.09349e+007","4.08571e+007","4.04616e+007","4.04541e+007","4.00453e+007","3.33845e+007","3.91261e+007","-"
"Gibraltar","0","0","0","0","0","660","1002","1620","2445","3648","5558","9797","12167","15900","18392","20000","22000","24000","26000","28600","30000","32500","34750","-","38000","41441","41136","41035","41045","40537","35438","34149","36708","-","-","-"
"Greece","0","0","0","48000","153000","273000","532000","937700","2.047e+006","3.904e+006","5.9324e+006","7.96374e+006","9.31426e+006","8.9362e+006","9.32434e+006","1.02604e+007","1.09798e+007","1.22949e+007","1.37993e+007","1.32951e+007","1.22927e+007","1.2128e+007","1.33603e+007","1.25186e+007","1.21446e+007","1.25666e+007","1.25389e+007","1.29371e+007","1.21708e+007","1.18821e+007","1.1413e+007","1.1494e+007","1.13524e+007","1.13483e+007","1.14141e+007","-"
"Greenland","0","0","171","438","964","2052","4122","6481","8899","13521","15114","15882","19924","29749","39033","46480","53900","66400","55816","53468","57349","58742","59455","60400","60800","61000","-","62320","61394","61656","65958","66605","66425","-","-","-"
"Grenada","150","147","181","282","350","400","570","976","1410","2012","4300","6414","7553","42293","43313","46858","46193","51381","60022","114424","121946","120855","129912","133000","117151","119767","118973","113177","118721","116184","118760","101018","111955","-","-","-"
"Guadeloupe","0","0","0","0","0","0","0","0","14227","88080","169840","292520","299100","289400","314700","-","-","-","-","-","-","-","-","-","-","-","-","-","-","-","-","-","-","-","-","-"
"Guam","0","867","1301","1907","4098","4965","5803","5673","12837","20000","27200","32600","70500","79800","98000","-","-","-","-","-","-","-","-","-","-","-","-","-","-","-","-","-","-","-","-","-"
"Guatemala","293","1221","2141","2990","10462","29999","43421","64194","111445","337800","856831","1.14644e+006","1.57709e+006","2.03478e+006","3.16826e+006","4.51007e+006","7.17875e+006","1.18976e+007","1.49486e+007","1.73075e+007","1.8068e+007","1.94791e+007","2.07871e+007","2.17164e+007","1.69118e+007","1.81214e+007","1.82645e+007","1.99865e+007","2.04675e+007","2.08741e+007","2.03907e+007","2.21248e+007","2.0553e+007","2.06096e+007","2.0711e+007","-"
"Guernsey","490","669","799","1258","1763","2358","4596","7788","11665","15320","21885","31539","36580","41530","43824","-","-","-","-","-","-","-","-","-","-","-","-","-","-","-","-","-","-","-","-","-"
"Guinea","0","0","0","42","812","950","950","2868","21567","25182","42112","55670","90772","111500","154900","189000","-","2e+006","2.75e+006","3.489e+006","4e+006","4.86059e+006","5.5847e+006","7.43647e+006","8.6835e+006","1.0764e+007","1.111e+007","1.17e+007","1.2013e+007","1.2873e+007","1.4411e+007","1.5107e+007","1.3397e+007","1.41e+007","-","-"
"Guinea-Bissau","0","0","0","0","0","0","0","0","0","0","0","0","0","1275","39451","98825","157330","296223","500156","560345","677365","732634","1.04919e+006","939909","1.1083e+006","1.23849e+006","1.28584e+006","1.43482e+006","1.48049e+006","1.59038e+006","1.91386e+006","2.23651e+006","2.65159e+006","2.75865e+006","3.24034e+006","-"
"Guyana","0","0","841","1029","1251","1243","1200","1400","1454","2815","39830","75320","79400","137955","171656","281368","400000","538774","447769","488533","560397","528757","547047","555035","566905","542598","584659","643210","-","778000","856000","856000","924876","-","-","-"
"Haiti","0","0","0","0","0","0","0","0","10000","25000","55000","91500","140000","320000","400000","500200","1.2e+006","2.5e+006","3.2e+006","3.648e+006","4e+006","4.2e+006","6.09495e+006","7.1602e+006","6.76931e+006","7.3e+006","6.50401e+006","6.30586e+006","6.60288e+006","6.84338e+006","7.319e+006","7.319e+006","7.49908e+006","-","-","-"
"Honduras","0","0","0","0","0","0","2311","14427","34896","78588","155271","237629","326508","379362","707201","1.28146e+006","2.24076e+006","4.18483e+006","6.21071e+006","8.39076e+006","9.50507e+006","8.06223e+006","7.37003e+006","7.76724e+006","7.72509e+006","8.04839e+006","7.8328e+006","8.2335e+006","7.58855e+006","7.55983e+006","6.96065e+006","7.56071e+006","7.93739e+006","7.92135e+006","7.67973e+006","-"
"Hong Kong, China","133912","189664","233324","290843","484823","798373","1.36186e+006","2.22986e+006","3.17437e+006","4.27505e+006","5.44735e+006","5.77636e+006","6.39573e+006","7.3492e+006","8.21396e+006","8.54426e+006","9.44414e+006","1.07516e+007","1.15801e+007","1.25972e+007","1.37937e+007","1.52929e+007","1.63875e+007","1.69731e+007","1.69595e+007","1.67244e+007","1.7585e+007","1.83948e+007","1.98988e+007","2.14557e+007","2.18652e+007","2.39397e+007","2.18608e+007","2.37791e+007","2.70532e+007","-"
"Hungary","2645","8477","23292","45712","143000","265000","473100","705786","1.07015e+006","1.62815e+006","3.07628e+006","4.96743e+006","6.88611e+006","7.94459e+006","8.72719e+006","9.32e+006","9.96572e+006","1.10299e+007","1.22242e+007","1.17925e+007","1.20118e+007","1.16899e+007","1.15794e+007","1.15903e+007","1.17265e+007","9.90058e+006","9.952e+006","9.94504e+006","1.00419e+007","1.02727e+007","1.03327e+007","1.02066e+007","1.02454e+007","1.01761e+007","1.01194e+007","-"
"Iceland","10010","12889","15251","17409","21845","30883","46805","65368","104280","172614","214896","248131","260438","279670","290068","283108","301922","326098","336922","339715","341077","344085","352114","356264","370047","383919","401613","401231","411361","413446","421384","437270","456864","470788","475724","-"
"India","0","0","0","0","0","76680","327967","881839","1.1954e+006","1.88431e+006","3.5771e+006","6.54e+006","1.3e+007","3.369e+007","5.222e+007","9.014e+007","1.6605e+008","2.3362e+008","3.4689e+008","5.2509e+008","7.5219e+008","8.93862e+008","8.64721e+008","8.86304e+008","9.44009e+008","1.00106e+009","1.12781e+009","1.1689e+009","1.17602e+009","1.15148e+009","1.15371e+009","1.15405e+009","1.14293e+009","1.15855e+009","1.15136e+009","-"
"Indonesia","18096","24528","35546","53438","78024","210643","562517","916173","1.06582e+006","2.22097e+006","3.66933e+006","6.52095e+006","1.17e+007","1.84953e+007","3.03366e+007","4.691e+007","6.3803e+007","9.33869e+007","1.40578e+008","1.63677e+008","2.1129e+008","2.49806e+008","2.81964e+008","3.13227e+008","3.25583e+008","3.38948e+008","3.85573e+008","4.35194e+008","3.19435e+008","3.41278e+008","3.5562e+008","3.65873e+008","3.42607e+008","3.52157e+008","3.47315e+008","-"
"Iran (Islamic Republic of)","0","0","0","0","9200","15902","59967","238942","389974","490478","962595","2.08735e+006","2.27914e+006","3.44988e+006","5.07568e+006","8.51051e+006","1.53853e+007","2.977e+007","4.3e+007","5.2555e+007","5.40518e+007","5.6043e+007","5.81575e+007","6.52462e+007","6.88912e+007","7.42188e+007","8.05202e+007","8.7047e+007","8.87224e+007","1.18061e+008","1.27625e+008","1.35889e+008","1.45668e+008","1.50664e+008","1.59389e+008","-"
"Iraq","0","0","0","0","0","0","0","0","0","0","0","0","20000","80000","574000","1.533e+006","9.34537e+006","1.40212e+007","1.7529e+007","2.01169e+007","2.32644e+007","2.5519e+007","2.6756e+007","3.245e+007","3.3e+007","3.3559e+007","3.3447e+007","3.34157e+007","3.65274e+007","3.72248e+007","3.74753e+007","4.07494e+007","4.36882e+007","4.57e+007","4.6079e+007","-"
"Ireland","25000","32000","44000","61100","88000","158000","288600","545000","946000","1.677e+006","2.461e+006","2.97e+006","3e+006","3.5e+006","3.86e+006","4.27e+006","4.69014e+006","4.97072e+006","5.04813e+006","4.7045e+006","4.70147e+006","4.90635e+006","5.01368e+006","4.88079e+006","4.91262e+006","4.90201e+006","4.87512e+006","4.89887e+006","4.97149e+006","5.16031e+006","5.23401e+006","5.37387e+006","5.65213e+006","5.75778e+006","5.91919e+006","-"
"Israel","15240","23000","36104","64484","133425","445456","1.04758e+006","1.67244e+006","2.147e+006","2.88e+006","4.4e+006","5.50062e+006","6.30001e+006","6.61837e+006","7.22196e+006","7.757e+006","8.40377e+006","8.902e+006","8.982e+006","9.022e+006","9.111e+006","9.2e+006","9.225e+006","9.5e+006","9.5e+006","1.057e+007","1.057e+007","1.054e+007","1.07e+007","1.17e+007","1.227e+007","1.25e+007","1.37583e+007","1.41933e+007","1.66519e+007","-"
"Italy","266000","568000","783000","1.20718e+006","2.24e+006","3.923e+006","6.422e+006","1.17379e+007","2.0489e+007","3.0296e+007","4.2246e+007","5.1246e+007","5.42e+007","5.677e+007","6.275e+007","7.15e+007","8.0418e+007","8.9801e+007","9.0341e+007","9.00329e+007","9.36661e+007","9.60409e+007","9.71886e+007","9.68631e+007","8.99146e+007","8.76912e+007","8.59559e+007","8.38715e+007","8.33425e+007","7.94808e+007","7.7581e+007","7.81149e+007","7.85029e+007","7.84629e+007","7.86739e+007","-"
"Jamaica","0","2447","7628","15221","26106","45138","54640","65995","78624","144388","366952","597826","1.24498e+006","1.57636e+006","1.83755e+006","1.98146e+006","2.27465e+006","2.68433e+006","2.72332e+006","2.95606e+006","3.182e+006","2.9454e+006","2.71494e+006","2.8462e+006","3.00549e+006","3.13721e+006","3.26734e+006","3.09122e+006","2.96497e+006","3.02387e+006","2.87326e+006","2.90541e+006","3.00274e+006","3.26837e+006","3.34154e+006","-"
"Japan","868078","1.37811e+006","1.71255e+006","2.13137e+006","4.33137e+006","1.17121e+007","2.69065e+007","3.82539e+007","4.73076e+007","5.68456e+007","6.67844e+007","7.48192e+007","8.11183e+007","8.6655e+007","9.1474e+007","9.6484e+007","9.9826e+007","1.07339e+008","1.10395e+008","1.16295e+008","1.23287e+008","1.32761e+008","1.41129e+008","1.47888e+008","1.57857e+008","1.6056e+008","1.66853e+008","1.7279e+008","1.79873e+008","1.86514e+008","1.95055e+008","2.00479e+008","2.1075e+008","2.21918e+008","-","-"
"Jersey","938","1556","2045","2509","3127","4355","6572","12000","18225","24636","44742","61417","-","81200","83900","-","-","-","-","-","-","-","-","-","-","-","-","-","-","-","-","-","-","-","-","-"
"Jordan","1439","1462","1462","1456","1446","11840","24113","45037","82429","118417","388949","865627","1.2196e+006","1.32531e+006","1.62411e+006","3.1377e+006","4.3431e+006","4.77164e+006","5.31356e+006","6.01437e+006","6.62e+006","7.48256e+006","8.98425e+006","1.0314e+007","1.10924e+007","1.3798e+007","9.81845e+006","9.70329e+006","8.73176e+006","7.77877e+006","6.98789e+006","7.27556e+006","7.62564e+006","7.72669e+006","8.04573e+006","-"
"Kazakhstan","0","0","0","0","400","4600","9798","11202","29700","49500","197300","582000","1.027e+006","1.33073e+006","2.447e+006","5.398e+006","7.77574e+006","1.23227e+007","1.49106e+007","1.70632e+007","1.94026e+007","2.52408e+007","3.02354e+007","3.03649e+007","2.85956e+007","2.63093e+007","2.55348e+007","2.66933e+007","2.60656e+007","2.57177e+007","2.42939e+007","2.4471e+007","2.51718e+007","2.58426e+007","2.61701e+007","-"
"Kenya","0","0","1100","1162","1990","2279","2826","6767","10756","23757","127404","600000","1.18712e+006","1.59079e+006","2.54616e+006","4.61197e+006","7.34032e+006","1.13494e+007","1.63036e+007","1.93646e+007","2.49689e+007","2.80808e+007","3.07318e+007","3.183e+007","3.36326e+007","3.77159e+007","3.89822e+007","4.28151e+007","4.95014e+007","5.45555e+007","6.14089e+007","6.50857e+007","6.57372e+007","6.67457e+007","7.13751e+007","-"
"Kiribati","0","0","0","0","0","0","0","0","22","200","300","395","495","526","615","650","700","750","1000","9907","10595","13788","18000","20000","30000","41000","52000","46123","53338","54658","54661","52632","64076","67927","72000","-"
"Korea (Rep. of)","80005","166108","271927","471784","960258","1.64129e+006","3.18099e+006","6.87879e+006","1.40186e+007","2.34427e+007","2.68164e+007","2.90456e+007","3.23425e+007","3.35918e+007","3.65861e+007","3.83423e+007","4.01971e+007","4.43692e+007","4.5607e+007","4.79442e+007","5.07672e+007","5.25068e+007","5.36244e+007","5.46808e+007","5.72904e+007","5.89351e+007","6.12955e+007","6.36587e+007","6.63558e+007","6.88925e+007","7.05137e+007","7.28555e+007","7.69921e+007","8.38918e+007","8.92233e+007","-"
"Kosovo","-","-","-","-","-","-","-","-","-","-","-","-","-","-","-","562000","562000","562000","562000","562000","562000","-","-","-","-","-","-","-","-","-","-","-","593382","-","-","-"
"Kuwait","20735","43000","51000","64311","85195","117609","151063","210000","250000","300000","476000","877920","1.227e+006","1.42e+006","1.77457e+006","1.38208e+006","1.17957e+006","1.4264e+006","1.49991e+006","2.61841e+006","3.97915e+006","4.93416e+006","5.1e+006","6.41e+006","7.6e+006","7.66474e+006","7.65937e+006","7.13883e+006","7.09985e+006","7.32703e+006","6.77035e+006","6.91818e+006","7.72645e+006","8.11388e+006","-","-"
"Kyrgyzstan","0","0","0","0","0","0","0","0","1350","2574","9000","27000","53084","138279","263375","541652","1.26176e+006","2.16833e+006","3.39402e+006","4.48712e+006","5.27548e+006","6.27711e+006","6.79785e+006","6.73749e+006","7.56344e+006","7.57944e+006","7.61353e+006","8.46797e+006","8.73525e+006","8.62257e+006","7.3159e+006","7.37783e+006","7.43754e+006","7.68122e+006","7.72441e+006","-"
"Lao P.D.R.","0","0","290","340","625","1539","3790","4915","6453","12078","12681","29545","55160","112275","204191","657528","1.00957e+006","1.47841e+006","2.02213e+006","3.23464e+006","4.0034e+006","5.48085e+006","4.3e+006","4.61261e+006","4.61859e+006","3.72716e+006","3.95851e+006","3.71181e+006","3.66234e+006","4.63693e+006","4.63669e+006","4.82297e+006","4.78898e+006","4.96376e+006","-","-"
"Latvia","0","0","1027","3800","8364","15003","28500","77100","167460","274344","401272","656835","917196","1.21955e+006","1.53671e+006","1.8716e+006","2.1837e+006","2.21701e+006","2.29861e+006","2.3036e+006","2.3061e+006","2.309e+006","2.63087e+006","2.558e+006","2.384e+006","2.59e+006","2.65027e+006","2.46412e+006","2.07018e+006","2.07165e+006","2.05136e+006","2.16173e+006","2.16703e+006","2.25718e+006","2.26987e+006","-"
"Lebanon","0","0","0","0","0","120000","198000","373900","505300","627000","743000","766754","775104","795460","884445","993557","1.10643e+006","1.26e+006","1.427e+006","2.39032e+006","2.86366e+006","3.45665e+006","3.75517e+006","3.88476e+006","4.38728e+006","4.65765e+006","4.27704e+006","4.39909e+006","4.42419e+006","4.23796e+006","4.28822e+006","4.28822e+006","4.25177e+006","-","-","-"
"Lesotho","0","0","0","0","0","0","1262","3500","9831","12000","21600","57000","137953","125950","196213","249786","357913","482455","593216","661000","987448","1.23235e+006","1.54482e+006","1.7903e+006","2.13879e+006","2.14014e+006","2.28292e+006","2.3808e+006","1.58214e+006","1.68163e+006","1.56265e+006","1.82137e+006","1.55684e+006","1.60304e+006","1.64386e+006","-"
"Liberia","0","0","0","0","0","0","0","0","0","0","1500","2000","5000","47250","94370","160000","280000","563000","854627","1.08506e+006","1.57131e+006","2.02064e+006","2.3799e+006","2.55078e+006","3.22526e+006","3.652e+006","3.117e+006","2.66e+006","-","1.937e+006","1.653e+006","1.653e+006","1.72289e+006","-","-","-"
"Libya","0","0","0","0","0","0","0","10000","20000","30000","40000","50000","70000","127000","500000","2e+006","3.92756e+006","4.5e+006","7.37912e+006","9.53409e+006","1.09e+007","1e+007","9.587e+006","1.02353e+007","8.49708e+006","9.74708e+006","7.66007e+006","6.02e+006","-","1.14e+007","1.1624e+007","1.3922e+007","1.394e+007","-","-","-"
"Liechtenstein","0","-","-","-","-","-","-","-","7500","9000","10000","11000","11402","25000","25500","27503","28755","32013","34000","35000","35500","36970","36080","38427","40652","40950","44298","46402","47272","47748","48887","49223","49660","50313","51393","-"
"Lithuania","0","0","267","1242","4512","14795","50973","165337","267615","332000","524000","1.018e+006","1.64557e+006","2.10221e+006","3.05116e+006","4.35345e+006","4.71822e+006","4.91208e+006","5.02264e+006","4.9615e+006","4.89098e+006","4.938e+006","4.99727e+006","4.56598e+006","4.26759e+006","4.18405e+006","4.20469e+006","4.36133e+006","3.76467e+006","3.70426e+006","3.672e+006","3.72665e+006","3.82634e+006","3.91593e+006","3.96641e+006","-"
"Luxembourg","824","1139","1120","5082","12895","26838","45000","67208","130500","209190","303274","409064","473000","539000","470000","510000","713000","684500","707000","720000","727000","764973","761314","788371","802400","806800","764000","794000","798600","817810","838120","876350","912360","960900","-","-"
"Macao, China","2232","4847","10513","15135","21445","35881","44788","52845","82114","118101","141052","194475","276138","364031","432450","532758","636347","794323","932596","1.03738e+006","1.12226e+006","1.35319e+006","1.61346e+006","1.72225e+006","1.85645e+006","1.8961e+006","1.96997e+006","2.047e+006","2.18119e+006","2.793e+006","1.62122e+006","1.27475e+006","1.21322e+006","1.37413e+006","1.44871e+006","-"
"Madagascar","0","0","0","0","300","1300","2300","4100","12784","35752","63094","147500","163010","283666","333888","510269","1.04589e+006","2.21761e+006","4.83524e+006","6.2838e+006","7.71172e+006","8.68077e+006","8.7786e+006","8.46112e+006","9.71388e+006","1.06938e+007","7.99825e+006","8.7305e+006","1.06547e+007","1.3003e+007","1.5869e+007","1.60088e+007","1.9708e+007","2.35393e+007","-","-"
"Malawi","0","0","0","0","0","382","3700","7000","10500","22500","49000","55730","86047","135114","222135","421163","620163","1.05085e+006","1.50768e+006","2.48565e+006","3.11736e+006","3.95157e+006","4.64689e+006","5.29004e+006","5.63251e+006","6.56671e+006","7.17838e+006","7.7725e+006","7.07691e+006","8.90103e+006","1.00047e+007","1.19401e+007","1.22692e+007","1.2892e+007","1.49986e+007","-"
"Malaysia","86620","130000","200573","340022","571720","1.00507e+006","1.52032e+006","2e+006","2.2e+006","2.99e+006","5.12175e+006","7.385e+006","9.053e+006","1.1124e+007","1.4611e+007","1.9545e+007","1.94637e+007","2.3347e+007","2.7713e+007","3.0144e+007","3.38587e+007","3.66613e+007","4.13247e+007","4.3005e+007","4.49286e+007","4.4104e+007","4.34645e+007","4.23385e+007","4.24134e+007","4.46007e+007","4.37236e+007","4.72017e+007","4.79521e+007","5.01365e+007","4.96615e+007","-"
"Maldives","0","0","0","0","0","0","20","1290","1606","2926","7638","18894","41899","66466","113246","203620","271053","313539","435627","457770","494351","530449","560547","625161","665818","739790","812128","900120","857934","828042","717708","706043","715188","744814","781866","-"
"Mali","0","0","0","0","0","0","1187","2842","4473","6387","10398","23997","45974","247223","406861","761986","1.51295e+006","2.53089e+006","3.43857e+006","4.46054e+006","7.44038e+006","1.08219e+007","1.46128e+007","1.97494e+007","2.35056e+007","2.26989e+007","2.02177e+007","2.20341e+007","2.19556e+007","2.29255e+007","2.53156e+007","2.43349e+007","2.5869e+007","-","-","-"
"Malta","0","2280","3500","5300","7500","10791","12500","17691","22531","37541","114444","239416","276859","289992","306067","323980","346771","368530","385636","422083","455579","521748","532228","556652","546229","524161","585470","604759","615843","634386","633123","649919","701762","749302","766620","-"
"Marshall Islands","0","0","0","0","280","264","365","466","345","443","447","489","552","598","644","660","-","-","-","-","-","-","-","-","15500","15500","-","16000","-","16000","16000","16000","15913","-","-","-"
"Martinique","0","0","0","0","0","0","0","15000","55000","102000","162080","286120","298300","277800","295400","-","-","-","-","-","-","-","-","-","-","-","-","-","-","-","-","-","-","-","-","-"
"Mauritania","0","0","0","0","0","0","0","0","0","0","15300","110463","247238","350954","522400","745615","1.06012e+006","1.41397e+006","2.09199e+006","2.18225e+006","2.77605e+006","3.31477e+006","4.02548e+006","3.9882e+006","3.75333e+006","3.64448e+006","3.61417e+006","4.07416e+006","4.5665e+006","4.7108e+006","5.80891e+006","6.51236e+006","5.35754e+006","4.559e+006","4.75972e+006","-"
"Mauritius","2200","2500","2912","4037","5706","11735","20843","42515","60448","102119","180000","272416","347532","462405","547745","656828","772395","928622","1.0333e+006","1.08675e+006","1.1909e+006","1.2941e+006","1.4858e+006","1.5336e+006","1.652e+006","1.7623e+006","1.814e+006","1.8395e+006","1.918e+006","1.8666e+006","1.9129e+006","1.9713e+006","2.0968e+006","2.1047e+006","2.1951e+006","-"
"Mayotte","0","0","0","0","0","0","0","0","0","0","0","0","20300","33200","48100","-","-","-","-","-","-","-","-","-","-","-","-","-","-","-","-","-","-","-","-","-"
"Mexico","63926","160898","312647","386132","569251","688513","1.0219e+006","1.74081e+006","3.34948e+006","7.73164e+006","1.40779e+007","2.17576e+007","2.59283e+007","3.00977e+007","3.84511e+007","4.71287e+007","5.53955e+007","6.65595e+007","7.53035e+007","8.31936e+007","9.13835e+007","9.45833e+007","1.00727e+008","1.06747e+008","1.04948e+008","1.07688e+008","1.11731e+008","1.14329e+008","1.20165e+008","1.22035e+008","1.22898e+008","1.26493e+008","1.35971e+008","1.44965e+008","1.52436e+008","-"
"Micronesia","0","0","0","0","0","0","0","0","0","0","0","0","100","5869","12782","14094","18616","27436","27500","27500","27518","27600","31213","31393","-","22505","23412","23114","-","23000","22000","22000","22410","-","-","-"
"Moldova","0","0","0","0","0","14","920","2200","7000","18000","139000","225000","338225","475942","787000","1.0898e+006","1.35815e+006","1.88283e+006","2.42342e+006","2.13641e+006","2.55059e+006","3.21726e+006","3.58428e+006","3.69683e+006","3.73813e+006","3.71314e+006","3.78849e+006","3.74664e+006","3.63693e+006","3.61385e+006","3.42038e+006","3.90018e+006","4.17033e+006","3.97327e+006","3.64449e+006","-"
"Monaco","0","0","0","1150","2559","3005","5400","7200","11474","13080","13927","14302","14874","15081","15750","17191","18307","20400","22000","23000","23414","31789","33195","35464","33675","34020","33297","32978","32689","33783","35485","37426","38955","40538","41490","-"
"Mongolia","0","0","0","0","0","0","900","2000","9032","34562","154600","195000","216000","319000","428695","557207","774900","1.19458e+006","1.76318e+006","2.24902e+006","2.51047e+006","2.94231e+006","3.37521e+006","2.87758e+006","3.02724e+006","3.06816e+006","3.36757e+006","3.88617e+006","4.22204e+006","4.41892e+006","4.36392e+006","4.6873e+006","4.83552e+006","4.84194e+006","4.88904e+006","-"
"Montenegro","-","-","-","-","-","-","-","-","-","-","-","-","-","-","483766","543220","643681","900000","1.15803e+006","1.29417e+006","1.17e+006","1.15911e+006","990869","993902","1.0133e+006","1.00789e+006","1.04075e+006","1.04467e+006","1.13441e+006","1.151e+006","1.08009e+006","1.12007e+006","1.27403e+006","1.31296e+006","1.41543e+006","-"
"Montserrat","0","-","59","59","71","84","250","325","250","300","489","1200","1500","1800","2180","-","4320","3558","3250","3050","4200","4200","4200","4500","4500","5000","-","-","-","5000","5000","-","5023","-","-","-"
"Morocco","904","1500","3217","6725","13794","29511","42942","74472","116645","369174","2.342e+006","4.77174e+006","6.19867e+006","7.35987e+006","9.33688e+006","1.23928e+007","1.60047e+007","2.00293e+007","2.28157e+007","2.53108e+007","3.19823e+007","3.65539e+007","3.90163e+007","4.24238e+007","4.41145e+007","4.30797e+007","4.15139e+007","4.39161e+007","4.47379e+007","4.66667e+007","4.9421e+007","5.13339e+007","5.29587e+007","5.5873e+007","5.82862e+007","-"
"Mozambique","0","0","0","0","0","0","0","2500","6725","12243","51065","152652","254759","435757","708000","1.50394e+006","2.33932e+006","3.07978e+006","4.40501e+006","5.97078e+006","7.22418e+006","7.85535e+006","8.80499e+006","1.24013e+007","1.84826e+007","2.01349e+007","1.50256e+007","1.18755e+007","1.40742e+007","1.47734e+007","1.54632e+007","1.36862e+007","1.49624e+007","1.59768e+007","1.71444e+007","-"
"Myanmar","0","0","0","643","1920","2766","7260","8492","8516","11389","13397","22671","47982","66517","92452","128700","214214","247641","367388","502005","594000","1.24362e+006","3.72962e+006","6.83238e+006","2.90293e+007","4.09937e+007","5.05864e+007","4.79467e+007","6.1144e+007","8.19455e+007","7.85483e+007","6.79301e+007","5.78074e+007","6.55169e+007","6.23094e+007","-"
"Namibia","0","0","0","0","0","3500","6644","12500","19500","30000","82000","106600","150000","223671","286095","448857","608846","800270","1.052e+006","1.63158e+006","1.95007e+006","2.1945e+006","2.14683e+006","2.72791e+006","2.67098e+006","2.54982e+006","2.65995e+006","2.6802e+006","2.75929e+006","2.82366e+006","2.89813e+006","2.91531e+006","2.90578e+006","2.59793e+006","2.58061e+006","-"
"Nauru","0","0","0","150","450","500","600","750","850","1000","1200","1500","-","-","-","-","-","-","-","-","6200","6700","6800","-","-","9400","9900","10000","-","10000","10000","10000","10287","-","-","-"
"Nepal (Republic of)","0","0","0","0","0","0","0","0","0","5500","10226","17286","21881","81867","116778","227316","1.1571e+006","3.2689e+006","4.2e+006","5.59788e+006","9.19556e+006","1.33545e+007","1.66086e+007","2.13623e+007","2.30213e+007","2.75161e+007","3.21203e+007","3.60964e+007","3.91785e+007","3.8696e+007","3.8213e+007","3.8213e+007","3.59897e+007","3.49683e+007","2.96057e+007","-"
"Neth. Antilles","0","-","-","5710","8486","11698","13977","14500","16000","30000","-","-","-","200000","200000","-","-","-","-","-","-","-","-","-","-","-","-","-","-","-","-","-","-","-","-","-"
"Netherlands","79000","115000","166000","216000","321000","539000","1.016e+006","1.717e+006","3.351e+006","6.74546e+006","1.0755e+007","1.22e+007","1.21e+007","1.32e+007","1.48e+007","1.5834e+007","1.7296e+007","1.9285e+007","2.0627e+007","2.0149e+007","1.9179e+007","1.98293e+007","1.9717e+007","1.9467e+007","1.9562e+007","2.08091e+007","2.089e+007","2.0532e+007","2.1108e+007","2.1762e+007","2.1415e+007","2.1888e+007","2.0737e+007","2.2665e+007","2.3431e+007","-"
"New Caledonia","0","0","0","0","0","825","2060","5198","13040","25450","49948","67917","80000","97113","116443","134265","155000","176350","196474","209595","220811","227310","231000","240500","243100","260277","-","-","-","260000","260000","260000","263224","-","-","-"
"New Zealand","54100","72300","100200","143800","239200","365000","492800","566200","790000","1.395e+006","1.542e+006","2.288e+006","2.449e+006","2.599e+006","3.027e+006","3.53e+006","3.80229e+006","4.25121e+006","4.62e+006","4.7e+006","4.71e+006","4.82e+006","4.922e+006","4.766e+006","5.1e+006","5.6e+006","6.1e+006","6.4e+006","6.319e+006","6.011e+006","6.236e+006","5.846e+006","5.952e+006","6.562e+006","6.783e+006","-"
"Nicaragua","0","0","0","324","2183","4400","5100","7560","18310","44229","90294","164509","237248","466706","738624","1.11938e+006","1.83022e+006","2.50228e+006","3.108e+006","3.34456e+006","3.96225e+006","4.82353e+006","5.85172e+006","6.80893e+006","7.06786e+006","7.26415e+006","7.74551e+006","8.17988e+006","7.44153e+006","5.78843e+006","5.96219e+006","6.23386e+006","7.01862e+006","7.22233e+006","7.32842e+006","-"
"Niger","0","0","0","0","0","0","0","98","1349","2192","2056","2126","57541","82365","172421","323853","483000","900000","1.89763e+006","2.599e+006","3.66863e+006","4.74288e+006","5.39554e+006","7.0063e+006","8.2364e+006","8.959e+006","7.4718e+006","8.77888e+006","-","1.2119e+007","1.4239e+007","1.50704e+007","1.6042e+007","1.71962e+007","1.638e+007","-"
"Nigeria","0","0","0","9049","12800","13000","14000","15000","20000","25000","30000","266461","1.56905e+006","3.14947e+006","9.14721e+006","1.8587e+007","3.23222e+007","4.03956e+007","6.29885e+007","7.45183e+007","8.72978e+007","9.51673e+007","1.12778e+008","1.27246e+008","1.3896e+008","1.5083e+008","1.54342e+008","1.4492e+008","1.72731e+008","1.84592e+008","2.04229e+008","1.95128e+008","2.22225e+008","2.24413e+008","1.64648e+008","-"
"Niue","0","0","0","0","0","0","0","-","-","380","410","400","490","600","650","-","-","-","-","-","-","-","-","-","-","-","-","-","-","-","-","-","-","-","-","-"
"North Macedonia","0","0","0","0","0","0","1058","12362","30087","48733","115748","223275","365346","776000","985600","1.13101e+006","1.26384e+006","1.79443e+006","1.96753e+006","1.94322e+006","2.15343e+006","2.21322e+006","2.23546e+006","2.23725e+006","2.22444e+006","2.08358e+006","2.05049e+006","2.00801e+006","1.96911e+006","1.92101e+006","1.86214e+006","1.94135e+006","2.04824e+006","1.95011e+006","1.97591e+006","-"
"Northern Marianas","0","-","-","732","765","1200","-","-","-","2905","3000","13200","17137","18619","20474","-","-","-","-","-","-","-","-","-","-","-","-","-","-","-","-","-","-","-","-","-"
"Norway","196828","234423","282918","371403","588478","981305","1.26145e+006","1.67676e+006","2.072e+006","2.664e+006","3.224e+006","3.593e+006","3.79e+006","4.06083e+006","4.52475e+006","4.75445e+006","4.86892e+006","5.03765e+006","5.21121e+006","5.35455e+006","5.59929e+006","5.72545e+006","5.7975e+006","5.69205e+006","5.73796e+006","5.71489e+006","5.72957e+006","5.71967e+006","5.72089e+006","5.77583e+006","5.82558e+006","5.92649e+006","6.09291e+006","6.052e+006","6.098e+006","-"
"Oman","2730","3672","4721","5616","6751","8052","15000","53000","98000","121000","162000","323000","463000","594000","806280","1.33323e+006","1.81802e+006","2.5e+006","3.21935e+006","3.97056e+006","4.60613e+006","4.80925e+006","5.27759e+006","5.61743e+006","6.19417e+006","6.64666e+006","6.86626e+006","6.94391e+006","6.44089e+006","6.38346e+006","6.27654e+006","6.11554e+006","6.74954e+006","6.31709e+006","6.35388e+006","-"
"Pakistan","2000","8500","13500","16000","24662","40964","68038","135027","196096","265614","306493","742606","1.69854e+006","2.4044e+006","5.02291e+006","1.27712e+007","3.45066e+007","6.28567e+007","8.80197e+007","9.4342e+007","9.91858e+007","1.08895e+008","1.20151e+008","1.27737e+008","1.35762e+008","1.259e+008","1.36489e+008","1.44526e+008","1.53987e+008","1.65406e+008","1.75624e+008","1.88711e+008","1.9278e+008","1.89439e+008","1.93112e+008","-"
"Palau","-","-","-","-","-","-","-","-","-","-","-","-","2458","3924","3924","6051","8346","10691","11667","12744","14512","15445","17151","17945","19114","23743","-","-","-","24000","24000","24000","24000","24000","-","-"
"Panama","0","0","0","0","0","0","7000","23474","85883","232888","410401","475141","525845","692406","1.25995e+006","1.74874e+006","2.17445e+006","3.01064e+006","3.91525e+006","6.06668e+006","6.64635e+006","6.73543e+006","6.21356e+006","6.20464e+006","6.90609e+006","5.74193e+006","5.14177e+006","5.2802e+006","5.72237e+006","5.82568e+006","6.10858e+006","6.42685e+006","6.69191e+006","6.98182e+006","-","-"
"Papua New Guinea","0","0","0","0","0","0","2285","3857","5558","7059","8560","10700","15000","17500","48311","75000","100000","300000","874000","1.41755e+006","1.90908e+006","2.4e+006","2.709e+006","3e+006","3.3589e+006","3.56e+006","3.782e+006","4.018e+006","4.3e+006","4.535e+006","4.818e+006","4.818e+006","5.01901e+006","3.5386e+006","4.1e+006","-"
"Paraguay","0","0","1500","3390","7660","15807","32860","84240","231520","435611","820810","1.15e+006","1.66702e+006","1.77035e+006","1.74905e+006","1.887e+006","3.23284e+006","4.69436e+006","5.79076e+006","5.61864e+006","5.92086e+006","6.52905e+006","6.7937e+006","7.0533e+006","7.30528e+006","7.41199e+006","7.48947e+006","7.46828e+006","7.43969e+006","7.76185e+006","7.86505e+006","7.97507e+006","8.65935e+006","8.66506e+006","-","-"
"Peru","1650","5700","21550","36300","52200","73543","200972","421814","742642","1.01331e+006","1.27386e+006","1.79328e+006","2.30694e+006","2.93034e+006","4.09256e+006","5.58336e+006","9.12e+006","1.54172e+007","2.09518e+007","2.47004e+007","2.91151e+007","3.24614e+007","2.93881e+007","2.97933e+007","3.188e+007","3.42358e+007","3.69332e+007","3.89154e+007","4.21548e+007","3.98446e+007","3.93584e+007","4.31006e+007","4.15495e+007","4.12832e+007","4.26435e+007","-"
"Philippines","0","34600","56044","102400","171903","493862","959024","1.34362e+006","1.73365e+006","2.84998e+006","6.45436e+006","1.21592e+007","1.5383e+007","2.25096e+007","3.29359e+007","3.4779e+007","4.28689e+007","5.73448e+007","6.81172e+007","7.55866e+007","8.31501e+007","9.41898e+007","1.01978e+008","1.02824e+008","1.11326e+008","1.17838e+008","1.20097e+008","1.19972e+008","1.34599e+008","1.67322e+008","1.49579e+008","1.63345e+008","1.68016e+008","1.34739e+008","1.33566e+008","-"
"Poland","0","0","2195","15699","38942","75000","216900","812200","1.92804e+006","3.9565e+006","6.747e+006","1.00047e+007","1.38985e+007","1.74012e+007","2.30961e+007","2.91664e+007","3.67455e+007","4.13888e+007","4.39264e+007","4.48066e+007","4.69521e+007","5.01602e+007","5.40862e+007","5.69728e+007","5.69053e+007","5.45372e+007","5.30018e+007","5.04589e+007","4.82855e+007","4.83929e+007","4.93507e+007","5.05887e+007","5.25893e+007","5.23866e+007","5.31903e+007","-"
"Portugal","6500","12600","37262","101300","173508","340845","663651","1.50696e+006","3.07463e+006","4.67146e+006","6.66495e+006","7.97754e+006","8.67e+006","1.00027e+007","1.05711e+007","1.14473e+007","1.22264e+007","1.34774e+007","1.40492e+007","1.17951e+007","1.22104e+007","1.23346e+007","1.19176e+007","1.1991e+007","1.18956e+007","1.17147e+007","1.15721e+007","1.17641e+007","1.18595e+007","1.19098e+007","1.18511e+007","1.24451e+007","1.27923e+007","1.283e+007","1.29409e+007","-"
"Puerto Rico","20369","33410","60000","95000","175000","287000","329000","367000","580000","813800","1.3181e+006","1.62816e+006","1.64693e+006","1.70906e+006","1.84793e+006","1.99347e+006","2.19885e+006","2.43151e+006","2.54359e+006","2.71222e+006","2.93399e+006","3.10837e+006","3.0497e+006","3.08515e+006","3.20882e+006","3.20499e+006","3.25218e+006","3.3894e+006","3.33029e+006","3.37197e+006","3.4947e+006","3.66118e+006","3.89616e+006","4.03676e+006","4.099e+006","-"
"Qatar","3811","4057","4233","4289","11533","18469","28772","43476","65756","84365","120856","177929","266703","376535","490333","716763","919773","1.26421e+006","1.42949e+006","1.94877e+006","2.18645e+006","2.30223e+006","2.60121e+006","3.31035e+006","3.30582e+006","3.74047e+006","3.65258e+006","3.98856e+006","3.94598e+006","3.91757e+006","3.79851e+006","3.8765e+006","4.69297e+006","4.70161e+006","4.68276e+006","-"
"Romania","0","0","0","800","2775","9068","17000","201000","643000","1.3555e+006","2.499e+006","3.84512e+006","5.11059e+006","7.0399e+006","1.02154e+007","1.33541e+007","1.5991e+007","2.04e+007","2.447e+007","2.51e+007","2.436e+007","2.342e+007","2.284e+007","2.291e+007","2.292e+007","2.312e+007","2.29e+007","2.24e+007","2.2634e+007","2.2671e+007","2.2588e+007","2.2929e+007","2.3219e+007","2.3564e+007","2.2781e+007","-"
"Russian Federation","0","300","6000","10000","27744","88526","223002","484883","747160","1.37063e+006","3.2632e+006","7.7505e+006","1.76088e+007","3.61351e+007","7.37222e+007","1.2e+008","1.50674e+008","1.712e+008","1.99522e+008","2.3005e+008","2.37689e+008","2.03752e+008","2.08065e+008","2.183e+008","2.2103e+008","2.27288e+008","2.29126e+008","2.273e+008","2.29431e+008","2.39796e+008","2.38733e+008","2.46569e+008","2.45267e+008","2.63017e+008","2.69516e+008","-"
"Rwanda","0","0","0","0","0","0","0","0","5000","11000","39000","65000","82391","130720","137271","222978","314201","635137","1.32264e+006","2.42925e+006","3.54876e+006","4.44619e+006","5.69075e+006","6.68916e+006","7.74702e+006","8.75962e+006","8.92153e+006","8.81922e+006","9.70061e+006","9.65855e+006","1.06144e+007","1.0903e+007","1.10021e+007","1.27631e+007","1.32873e+007","-"
"Réunion","0","0","0","0","0","5500","14000","26700","50300","111000","276100","421100","454600","521500","579200","-","-","-","-","-","-","-","-","-","-","-","-","-","-","-","-","-","-","-","-","-"
"Saint Kitts and Nevis","0","-","-","-","-","-","300","205","440","700","1200","2100","5000","22000","29000","51000","51000","64500","74500","75500","80000","77000","76000","77000","65000","73009","76583","76878","71594","65224","62525","56703","54614","55592","-","-"
"Saint Lucia","0","-","-","-","524","1000","1400","1600","1900","2300","2500","2700","14313","99000","101000","105656","105600","147000","175045","189738","198212","216530","216000","212063","188351","187741","176648","176694","184944","147790","145931","171805","176399","-","-","-"
"Saint Vincent and the Grenadines","0","-","70","83","150","215","280","346","750","1420","2361","7492","9982","62911","72000","70620","87634","110491","130098","121114","131791","131809","126992","125378","115017","113371","112649","115844","112443","96373","100362","98231","104428","102976","109022","-"
"Samoa","0","0","0","0","0","0","0","766","1480","2432","2500","2500","2700","10500","16000","24000","45500","86000","-","-","90000","-","100302","99887","106524","120517","151008","124211","100000","84000","69000","69000","134320","-","-","-"
"San Marino","0","-","900","1300","1900","2340","2279","2350","4980","9580","14503","15854","16759","16900","17085","17150","17390","17500","24402","29949","30587","35465","36000","36780","37600","36624","36570","38000","38500","38750","39000","40000","41000","-","-","-"
"Sao Tome and Principe","0","0","0","0","0","0","0","0","0","0","0","0","1980","4819","7745","11953","18424","30099","50551","80829","102730","115038","122172","125329","128500","184971","178047","173963","162610","165761","174203","189239","196384","146497","147061","-"
"Saudi Arabia","14851","15331","15828","15910","15959","16008","190736","332068","627321","836628","1.37588e+006","2.52864e+006","5.00797e+006","7.23822e+006","9.17576e+006","1.41642e+007","1.97e+007","2.84e+007","3.6e+007","4.48644e+007","5.15644e+007","5.4e+007","5.3e+007","5.3104e+007","5.2735e+007","5.27961e+007","4.79325e+007","4.0211e+007","4.13106e+007","4.12986e+007","4.32154e+007","4.54273e+007","4.8198e+007","5.24829e+007","5.41846e+007","-"
"Senegal","0","0","0","0","98","122","1412","6942","27487","87879","250251","301811","553449","782423","1.12131e+006","1.73011e+006","2.98262e+006","3.6308e+006","5.38913e+006","6.90149e+006","8.34372e+006","9.35287e+006","1.14706e+007","1.31338e+007","1.43797e+007","1.49595e+007","1.51865e+007","1.57584e+007","1.65599e+007","1.78806e+007","1.90789e+007","1.986e+007","2.08548e+007","2.24002e+007","2.29229e+007","-"
"Serbia","-","-","-","-","-","-","-","-","-","-","-","-","-","-","4.72963e+006","5.51069e+006","6.64372e+006","8.45264e+006","9.61877e+006","9.91234e+006","9.91535e+006","1.0182e+007","9.13789e+006","9.19872e+006","9.34498e+006","9.15566e+006","9.09445e+006","8.62177e+006","8.43137e+006","8.45389e+006","8.26076e+006","8.50152e+006","8.62115e+006","8.53202e+006","8.17866e+006","-"
"Seychelles","0","0","0","0","0","50","1043","2247","5190","16316","25961","36683","44731","49229","54369","58806","70340","77278","93476","110668","117587","126594","136480","136790","151336","148244","151857","167282","178946","193672","183498","183840","205140","165369","163827","-"
"Sierra Leone","0","0","0","0","0","0","0","0","0","0","11940","26895","67000","113214","-","-","-","776000","1.0088e+006","1.16e+006","2e+006","2.137e+006","2.21e+006","4e+006","4.7568e+006","5.657e+006","6.27927e+006","6.625e+006","6.35515e+006","6.7298e+006","6.8842e+006","8.22709e+006","8.92919e+006","-","-","-"
"Singapore","51728","81906","120000","179000","235630","306000","431010","848600","1.0947e+006","1.6308e+006","2.7474e+006","2.9916e+006","3.313e+006","3.577e+006","3.9907e+006","4.3846e+006","4.7886e+006","5.9241e+006","6.4148e+006","6.8848e+006","7.3846e+006","7.7943e+006","8.0676e+006","8.4381e+006","8.1038e+006","8.2331e+006","8.4607e+006","8.3819e+006","8.5684e+006","9.0343e+006","8.4448e+006","8.7619e+006","9.7746e+006","1.00267e+007","9.9607e+006","-"
"Slovakia","0","119","1537","3125","5946","12315","28658","200140","465364","664072","1.24374e+006","2.14733e+006","2.92338e+006","3.67877e+006","4.27516e+006","4.54037e+006","4.89323e+006","6.06806e+006","5.52004e+006","5.49772e+006","5.92501e+006","5.98306e+006","6.09447e+006","6.20841e+006","6.3781e+006","6.67555e+006","6.9899e+006","7.11775e+006","7.2417e+006","7.39953e+006","7.28971e+006","7.36233e+006","7.44515e+006","7.62777e+006","7.70768e+006","-"
"Slovenia","0","523","3500","6500","16332","27301","41205","93611","161606","631411","1.2156e+006","1.47009e+006","1.66723e+006","1.73915e+006","1.84864e+006","1.75923e+006","1.81957e+006","1.92841e+006","2.0549e+006","2.10044e+006","2.12195e+006","2.16855e+006","2.24116e+006","2.28357e+006","2.32639e+006","2.35393e+006","2.38576e+006","2.44317e+006","2.46586e+006","2.51198e+006","2.5509e+006","2.60727e+006","2.6749e+006","2.73756e+006","2.77255e+006","-"
"Solomon Islands","0","0","0","0","144","230","337","658","702","1093","1151","967","999","1060","3000","6000","7000","10900","30000","50000","115500","274872","302147","323105","376696","424712","416572","465331","482029","478116","474000","474000","484835","-","-","-"
"Somalia","0","0","0","0","0","0","0","0","0","0","80000","85000","100000","200000","500000","500000","550000","600000","627000","641000","648200","1.8e+006","2.3e+006","5.183e+006","5.5e+006","5.836e+006","6.65304e+006","7.119e+006","7.65304e+006","8.227e+006","8.844e+006","8.844e+006","8.844e+006","9.90594e+006","-","-"
"South Africa","5680","7100","12510","40000","340000","535000","953000","1.836e+006","3.337e+006","5.188e+006","8.339e+006","1.0787e+007","1.3702e+007","1.686e+007","2.0839e+007","3.396e+007","3.9662e+007","4.23e+007","4.5e+007","4.6436e+007","5.0372e+007","6.4e+007","6.8394e+007","7.68653e+007","7.92807e+007","8.79995e+007","8.24129e+007","8.84976e+007","9.2428e+007","9.69725e+007","9.59594e+007","1.00328e+008","1.0026e+008","1.08415e+008","1.14788e+008","-"
"South Sudan","-","-","-","-","-","-","-","-","-","-","-","-","-","-","-","-","-","-","-","-","1.5e+006","1.8e+006","2.3e+006","2.85323e+006","2.8761e+006","2.899e+006","2.7e+006","2.78893e+006","1.91626e+006","2.22197e+006","-","3.27615e+006","5.34404e+006","5.353e+006","-","-"
"Spain","54700","108451","180296","257261","411930","944955","2.99765e+006","4.3377e+006","6.43744e+006","1.50037e+007","2.42651e+007","2.96557e+007","3.3531e+007","3.72198e+007","3.86226e+007","4.26941e+007","4.56951e+007","4.84225e+007","4.96233e+007","5.10527e+007","5.13894e+007","5.25905e+007","5.06651e+007","5.01587e+007","5.08063e+007","5.10678e+007","5.15215e+007","5.25069e+007","5.4161e+007","5.53549e+007","5.56477e+007","5.68053e+007","5.902e+007","6.11905e+007","6.24087e+007","-"
"Sri Lanka","1010","1800","2644","14687","29182","51316","71029","114888","174202","256655","430202","667662","931403","1.3934e+006","2.21116e+006","3.36178e+006","5.4125e+006","7.98349e+006","1.10825e+007","1.63054e+007","1.73593e+007","1.83194e+007","1.93328e+007","2.03152e+007","2.2123e+007","2.38996e+007","2.57972e+007","2.81991e+007","3.0283e+007","2.83526e+007","2.97305e+007","3.07641e+007","3.46468e+007","3.26834e+007","3.06235e+007","-"
"St. Helena","0","0","0","0","0","0","0","0","0","0","0","0","0","0","0","0","0","0","0","0","0","0","0","0","0","1267","2499","4000","4000","4000","4000","4000","3968","-","-","-"
"St. Maarten","-","-","-","-","-","-","-","-","-","-","-","-","-","-","-","-","-","-","-","-","-","-","68840","-","-","-","-","-","-","-","-","-","86542","-","-","-"
"St. Pierre & Miquelon","0","0","0","0","0","0","0","0","0","0","-","-","-","-","-","-","-","-","-","-","-","-","-","-","-","-","-","-","-","-","-","-","-","-","-","-"
"State of Palestine","0","-","0","0","0","-","-","-","-","-","7076","175941","251602","264091","436628","567584","821800","1.02148e+006","1.31441e+006","1.8e+006","2.60358e+006","2.88496e+006","3.1347e+006","3.19023e+006","3.19755e+006","3.531e+006","3.71319e+006","3.99621e+006","4.3755e+006","4.30023e+006","4.06233e+006","4.05297e+006","4.06207e+006","4.14842e+006","-","-"
"Sudan","0","0","0","0","0","0","2200","3800","8600","13000","23000","103846","190778","527233","1.04856e+006","1.82794e+006","4.68313e+006","8.21809e+006","1.19915e+007","1.53399e+007","1.80932e+007","2.50562e+007","2.76586e+007","2.76579e+007","2.77966e+007","2.79385e+007","2.78073e+007","2.86441e+007","3.01004e+007","3.30142e+007","3.51952e+007","3.44963e+007","3.46713e+007","-","-","-"
"Suriname","0","0","0","1078","1382","1687","2416","2258","6007","17500","41048","87000","108363","168522","212819","232785","320000","380000","657106","763912","521166","533522","569069","868600","927800","750458","806881","795871","752270","813844","899339","906170","928840","988899","901670","-"
"Sweden","461200","568200","656000","774500","1.381e+006","2.008e+006","2.492e+006","3.169e+006","4.109e+006","5.126e+006","6.3723e+006","7.178e+006","7.949e+006","8.801e+006","8.785e+006","9.104e+006","9.607e+006","1.01169e+007","1.0014e+007","1.044e+007","1.09924e+007","1.14543e+007","1.18484e+007","1.20144e+007","1.23125e+007","1.26388e+007","1.25432e+007","1.25193e+007","1.26263e+007","1.28959e+007","1.27918e+007","1.30162e+007","1.47642e+007","1.48001e+007","1.49226e+007","-"
"Switzerland","125047","174557","215061","257703","332165","447167","662713","1.04438e+006","1.69857e+006","3.05751e+006","4.63852e+006","5.27579e+006","5.7363e+006","6.189e+006","6.27476e+006","6.83423e+006","7.43616e+006","8.20888e+006","8.89671e+006","9.32258e+006","9.64416e+006","1.00826e+007","1.05611e+007","1.10486e+007","1.115e+007","1.12432e+007","1.12421e+007","1.10886e+007","1.07886e+007","1.08866e+007","1.10061e+007","1.07281e+007","1.08998e+007","1.15514e+007","1.15514e+007","-"
"Syrian Arab Republic","0","0","0","0","0","0","0","0","0","4000","30000","200000","400000","1.185e+006","2.346e+006","2.95e+006","4.675e+006","6.23468e+006","7.05616e+006","1.00219e+007","1.1696e+007","1.2917e+007","1.298e+007","1.22912e+007","1.40397e+007","1.43123e+007","1.33499e+007","1.5386e+007","1.71297e+007","1.7734e+007","1.66603e+007","1.69907e+007","1.7668e+007","1.70921e+007","1.75727e+007","-"
"Taiwan, Province of China","83482","196793","384779","538544","584326","772165","970473","1.49161e+006","4.72705e+006","1.15411e+007","1.78738e+007","2.17864e+007","2.43905e+007","2.57998e+007","2.27601e+007","2.21707e+007","2.32493e+007","2.4287e+007","2.54125e+007","2.69588e+007","2.78395e+007","2.88653e+007","2.94552e+007","2.97097e+007","3.03584e+007","2.96815e+007","2.92443e+007","2.87774e+007","2.93409e+007","2.92915e+007","2.93512e+007","2.9674e+007","3.02604e+007","2.9988e+007","2.97543e+007","-"
"Tajikistan","0","0","0","0","0","0","102","320","420","625","1160","1630","13200","47617","135000","265000","2.15e+006","2.13277e+006","3.67352e+006","4.9e+006","5.94084e+006","6.324e+006","6.528e+006","7.5371e+006","7.9991e+006","8.489e+006","9.4e+006","9.904e+006","1e+007","1.0995e+007","6.07213e+006","6.38754e+006","6.50076e+006","7.91868e+006","-","-"
"Tanzania","0","0","0","0","371","3500","9038","20200","37940","50950","110518","275560","606859","1.298e+006","1.942e+006","2.964e+006","5.609e+006","8.252e+006","1.30068e+007","1.74695e+007","2.09839e+007","2.56665e+007","2.72193e+007","2.74428e+007","3.18627e+007","3.96656e+007","4.00442e+007","3.99539e+007","4.34973e+007","4.76852e+007","5.12202e+007","5.40444e+007","6.01923e+007","7.02151e+007","8.67692e+007","-"
"Thailand","63223","123551","250584","413557","737283","1.29783e+006","1.84463e+006","2.20391e+006","1.97696e+006","2.3394e+006","3.056e+006","7.55e+006","1.74499e+007","2.16169e+007","2.69655e+007","3.04602e+007","4.01255e+007","5.2974e+007","6.18372e+007","6.59523e+007","7.17263e+007","7.7449e+007","8.5012e+007","9.3849e+007","9.7096e+007","1.02942e+008","1.19669e+008","1.2153e+008","1.25098e+008","1.29614e+008","1.16294e+008","1.2085e+008","1.26414e+008","1.20921e+008","1.15127e+008","-"
"Timor-Leste","0","-","-","-","-","-","-","-","-","-","-","-","-","20058","25722","33072","49100","78215","125002","350891","473020","614151","621000","650000","1.37575e+006","1.37667e+006","1.49212e+006","1.55662e+006","1.46849e+006","1.42526e+006","1.37792e+006","1.38617e+006","1.48101e+006","1.55936e+006","1.6301e+006","-"
"Togo","0","0","0","0","0","0","0","2995","7500","17000","50000","95000","165138","243613","332565","433635","708000","1.19032e+006","1.54954e+006","2.18733e+006","2.60228e+006","2.69534e+006","3.31224e+006","4.26299e+006","4.51611e+006","4.85521e+006","5.50542e+006","6.06991e+006","6.14451e+006","6.23918e+006","6.51651e+006","6.25479e+006","6.56413e+006","7.05182e+006","7.68865e+006","-"
"Tokelau","0","0","0","0","0","0","0","0","0","0","0","0","-","0","0","0","-","-","-","-","-","-","-","-","-","-","-","-","-","-","-","-","-","-","-","-"
"Tonga","0","0","0","0","0","300","302","120","130","140","180","236","3354","11200","16400","29872","30051","46525","50472","53000","54300","55000","56000","57500","68000","73493","80000","107938","107938","62104","62000","64328","64838","-","-","-"
"Trinidad and Tobago","0","426","1277","1679","2599","6353","9534","17140","26307","38659","161860","256106","262772","336352","651189","924100","1.5188e+006","1.5098e+006","1.80612e+006","1.84635e+006","1.89424e+006","1.8262e+006","1.88368e+006","1.94387e+006","1.98057e+006","2.12337e+006","2.16585e+006","2.03064e+006","1.9726e+006","2.16373e+006","1.988e+006","1.99684e+006","1.99903e+006","2.01739e+006","1.79104e+006","-"
"Tunisia","953","1239","1974","2269","2709","3185","6500","7656","38998","55258","119165","389208","574334","1.91753e+006","3.7357e+006","5.68073e+006","7.33905e+006","7.84262e+006","8.60216e+006","9.79703e+006","1.11142e+007","1.23877e+007","1.28439e+007","1.27124e+007","1.42836e+007","1.45959e+007","1.42821e+007","1.43341e+007","1.47696e+007","1.4771e+007","1.48529e+007","1.56447e+007","1.59824e+007","1.61843e+007","1.44387e+007","-"
"Turkmenistan","0","0","0","0","0","0","0","2500","3000","4000","7500","8173","8173","9187","50100","105000","216868","381670","1.13515e+006","2.13289e+006","3.19762e+006","5.3e+006","5.9e+006","6.1253e+006","7.2061e+006","7.842e+006","8.575e+006","-","5.84175e+006","6.00176e+006","6.16478e+006","6.25468e+006","-","-","-","-"
"Turks & Caicos Is.","0","0","0","0","0","0","0","-","-","-","-","-","9052","19361","25085","-","-","-","-","-","-","-","-","-","-","-","-","-","-","-","-","-","-","-","-","-"
"Tuvalu","0","0","0","0","0","0","0","0","0","0","0","0","0","0","500","1300","1600","1800","-","1000","1600","2130","2800","3400","3800","6600","7600","8000","8500","9000","9000","9000","9878","-","-","-"
"Türkiye","31809","47828","61395","84187","174779","437130","806339","1.60981e+006","3.50613e+006","8.12152e+006","1.61334e+007","1.95729e+007","2.33231e+007","2.78875e+007","3.47075e+007","4.3609e+007","5.26627e+007","6.19758e+007","6.58241e+007","6.27796e+007","6.17696e+007","6.53217e+007","6.76805e+007","6.96611e+007","7.18884e+007","7.36393e+007","7.50617e+007","7.78002e+007","8.0118e+007","8.07909e+007","8.21281e+007","8.62888e+007","9.02976e+007","9.2231e+007","9.43203e+007","-"
"Uganda","0","0","0","0","0","1747","4000","5000","30000","56358","126913","283520","393310","776169","1.16504e+006","1.3153e+006","2.00882e+006","4.19528e+006","8.55486e+006","9.38373e+006","1.28283e+007","1.6697e+007","1.63564e+007","1.80686e+007","2.03659e+007","2.02203e+007","2.28385e+007","2.49489e+007","2.4472e+007","2.53955e+007","2.7689e+007","3.01277e+007","3.31852e+007","3.71234e+007","4.15951e+007","-"
"Ukraine","0","0","0","65","5000","14000","30000","57200","115500","216567","818524","2.2246e+006","3.6927e+006","6.49842e+006","1.3735e+007","3.00135e+007","4.90762e+007","5.52404e+007","5.56815e+007","5.49428e+007","5.39288e+007","5.55765e+007","5.93437e+007","6.24588e+007","6.11702e+007","6.07201e+007","5.67179e+007","5.57147e+007","5.39336e+007","5.48429e+007","5.39777e+007","5.59259e+007","4.93043e+007","5.03281e+007","-","-"
"United Arab Emirates","33578","43008","48919","70586","91488","128968","193834","309373","493278","832267","1.42812e+006","1.9093e+006","2.42807e+006","2.97233e+006","3.68312e+006","4.53414e+006","5.51929e+006","7.73151e+006","9.35774e+006","1.06719e+007","1.0926e+007","1.17274e+007","1.37753e+007","1.60635e+007","1.6819e+007","1.79426e+007","1.99051e+007","1.98262e+007","2.0081e+007","1.96028e+007","1.83743e+007","1.82371e+007","2.0036e+007","2.12228e+007","2.24078e+007","-"
"United Kingdom","1.114e+006","1.26e+006","1.507e+006","2.268e+006","3.94e+006","5.73579e+006","7.24836e+006","8.841e+006","1.4878e+007","2.7185e+007","4.3452e+007","4.6283e+007","4.9228e+007","5.42562e+007","5.96879e+007","6.54717e+007","7.00779e+007","7.38362e+007","7.49409e+007","7.64811e+007","7.67298e+007","7.71623e+007","7.83294e+007","7.8674e+007","7.84607e+007","7.92508e+007","7.89314e+007","7.9099e+007","7.8891e+007","8.0701e+007","7.9007e+007","7.9773e+007","8.1702e+007","8.433e+007","8.4102e+007","-"
"United States","5.28306e+006","7.55715e+006","1.10328e+007","1.60095e+007","2.41344e+007","3.37857e+007","4.4043e+007","5.53123e+007","6.92093e+007","8.6047e+007","1.09478e+008","1.285e+008","1.418e+008","1.60637e+008","1.84819e+008","2.037e+008","2.296e+008","2.493e+008","2.613e+008","2.74283e+008","2.85118e+008","2.97404e+008","3.04838e+008","3.10698e+008","3.22597e+008","3.32101e+008","3.38238e+008","3.40113e+008","3.48242e+008","3.55763e+008","3.52522e+008","3.61675e+008","3.7154e+008","3.86106e+008","3.9099e+008","-"
"Uruguay","0","0","1712","4969","6825","39904","78601","99235","151341","319131","410787","519991","513528","497530","599768","1.15492e+006","2.33001e+006","3.00432e+006","3.50782e+006","4.11156e+006","4.43716e+006","4.75743e+006","4.99546e+006","5.26795e+006","5.49709e+006","5.16547e+006","5.11674e+006","5.09757e+006","4.45917e+006","4.52633e+006","4.55128e+006","4.69128e+006","4.74147e+006","4.80157e+006","4.92755e+006","-"
"Uzbekistan","0","0","0","500","902","3731","9510","17232","26826","40389","53128","128012","186900","320815","544100","720000","2.53037e+006","5.69146e+006","1.23753e+007","1.64179e+007","2.0952e+007","2.54418e+007","2.02741e+007","2.15e+007","2.16392e+007","2.17833e+007","2.32654e+007","2.42655e+007","2.32262e+007","3.338e+007","3.3387e+007","3.5069e+007","3.68507e+007","3.81069e+007","4.0177e+007","-"
"Vanuatu","0","0","0","0","64","121","154","207","220","300","365","350","4900","7800","10504","12692","15000","26000","36000","131682","169935","136956","146084","127244","156051","174818","218603","228016","251428","265219","246232","249868","255509","286107","-","-"
"Vatican","0","-","-","-","-","-","-","-","-","-","-","-","-","-","-","-","-","-","-","-","-","-","-","-","-","-","-","-","-","-","-","-","-","-","-","-"
"Venezuela","7422","16600","78560","182600","319000","403800","581700","1.0719e+006","2.00976e+006","3.78474e+006","5.44717e+006","6.47258e+006","6.54189e+006","7.01512e+006","8.42098e+006","1.24957e+007","1.87895e+007","2.38201e+007","2.74144e+007","2.81236e+007","2.78801e+007","2.8782e+007","3.05691e+007","3.08961e+007","3.0528e+007","2.90935e+007","2.76009e+007","2.44937e+007","2.07312e+007","1.84762e+007","1.65438e+007","1.70089e+007","1.87523e+007","1.98728e+007","2.01701e+007","-"
"Viet Nam","0","0","800","4060","12500","23500","68910","160457","222700","328671","788559","1.2512e+006","1.90239e+006","2.742e+006","4.96e+006","9.5932e+006","1.88925e+007","4.5024e+007","7.48723e+007","9.8224e+007","1.1157e+008","1.27318e+008","1.31674e+008","1.23736e+008","1.36148e+008","1.20324e+008","1.206e+008","1.20016e+008","1.40639e+008","1.3623e+008","1.38935e+008","1.35349e+008","1.37412e+008","1.31453e+008","1.28867e+008","-"
"Virgin Islands (US)","0","-","-","-","-","-","-","16000","25000","30000","35000","41000","45150","49300","64200","80300","-","-","-","-","-","-","-","-","-","-","-","-","-","80000","80000","80000","79121","-","-","-"
"Wallis and Futuna","0","0","0","0","0","0","0","0","0","0","0","0","0","0","0","0","0","-","-","-","-","-","-","-","0","-","-","-","-","-","-","-","11359","12184","-","-"
"Yemen","0","0","1550","5170","8191","8250","8810","12245","16146","27677","32042","147837","486667","675162","1.476e+006","2.27756e+006","2.97778e+006","4.349e+006","6.445e+006","8.313e+006","1.1085e+007","1.1668e+007","1.39e+007","1.68447e+007","1.71e+007","1.5022e+007","1.64331e+007","1.53579e+007","1.52978e+007","1.5238e+007","1.5178e+007","1.77564e+007","1.77558e+007","2.00475e+007","-","-"
"Zambia","0","0","0","0","0","1547","2721","4550","8260","28190","98853","121200","139092","241000","464354","949559","1.66333e+006","2.63903e+006","3.539e+006","4.40668e+006","5.44699e+006","8.16455e+006","1.05247e+007","1.03958e+007","1.01149e+007","1.15577e+007","1.2017e+007","1.34385e+007","1.54703e+007","1.72206e+007","1.91042e+007","2.02471e+007","1.9838e+007","2.11512e+007","2.31704e+007","-"
"Zimbabwe","0","0","0","0","0","0","0","5734","19000","174000","266441","314002","338779","363651","425745","647110","849146","1.22565e+006","1.65472e+006","3.991e+006","7.7e+006","9.2e+006","1.26139e+007","1.36332e+007","1.17987e+007","1.27574e+007","1.28789e+007","1.40921e+007","1.2909e+007","1.31959e+007","1.31917e+007","1.42576e+007","1.43008e+007","1.49738e+007","1.56771e+007","-"